<?xml version="1.0" encoding="UTF-8"?>
<id>
	<ua_map>
		<url>gmail.com</url>
		<ua_string>Zetakey/3.2</ua_string>
	</ua_map>
	
	<ua_map>
		<url>mail.google.com</url>
		<ua_string>Zetakey/3.2</ua_string>
	</ua_map>
	
	<ua_map>
		<url>mail-attachment.googleusercontent.com</url>
		<ua_string>Zetakey/3.2</ua_string>
	</ua_map>	
		
	<ua_map>
		<url>youtube.com</url>
		<ua_string1>Mozilla/5.0 (iPhone; U; CPU iPhone OS 4_3 like Mac OS X; en-gb) AppleWebKit/533.17.9 (KHTML, like Gecko) Version/5.0.2 Mobile/8F190 Safari/6533.18.5 Zetakey/3.2</ua_string1>
		<ua_string2>Mozilla/5.0 (iPad; U; CPU OS 3_2 like Mac OS X; en-us) AppleWebKit/531.21.10 (KHTML, like Gecko) Version/4.0.4 Mobile/7B334b Safari/531.21.10 Zetakey/3.2</ua_string2>
		<ua_string>Mozilla/5.0 (Linux; U; Android 2.3.3; en-us; HTC_DesireS_S510e Build/GRI40) AppleWebKit/533.1 (KHTML, like Gecko) Version/4.0 Mobile Safari/533.1 Zetakey/3.2</ua_string>		
	</ua_map>	
	
	<ua_map>
		<url>flickr.com</url>
		<ua_string>Mozilla/5.0 (iPad; U; CPU OS 3_2 like Mac OS X; en-us) AppleWebKit/531.21.10 (KHTML, like Gecko) Version/4.0.4 Mobile/7B334b Safari/531.21.10 Zetakey/3.2</ua_string>
	</ua_map>
</id>
