<?xml version="1.0" encoding="ISO-8859-1"?>
<state ID="1.2">
	<!-- UI Files  -->
	<btn_file>state1_2.png</btn_file>
	<btn_focus_file>state1_2_focus.png</btn_focus_file>
	<btn_hl_file>state1_2_hl.png</btn_hl_file>
	<btn_tog_file>state1_2_tog.png</btn_tog_file>
	<btn_tog_focus_file>state1_2_tog_focus.png</btn_tog_focus_file>
	<btn_tog_hl_file>state1_2_tog_hl.png</btn_tog_hl_file>
	<btn_imgmap_file>state1_2_imgmap.png</btn_imgmap_file>
	<bg_file>state1_2_bg.png</bg_file>
	<bg_imgmap_file>state1_2_bg_imgmap.png</bg_imgmap_file>

	<!-- When click on empty area, which state to go -->	
	<empty_click_next_state>1</empty_click_next_state>
	
	<!-- Buttons  -->
	<button>
		<name>IPHONE_MODE</name>
		<type>TOGGLE_BUTTON</type>
		<img_map_color>500000</img_map_color>
		<align>BR</align>
		<push_next_state>1</push_next_state>
	</button>
	<button>
		<name>CLEAR_CACHE</name>
		<type>PUSH_BUTTON</type>
		<img_map_color>3C0000</img_map_color>
		<align>BR</align>
		<push_next_state>1</push_next_state>
	</button>
		<button>
		<name>CLEAR_COOKIES</name>
		<type>PUSH_BUTTON</type>
		<img_map_color>280000</img_map_color>
		<align>BR</align>
		<push_next_state>1</push_next_state>
	</button>
	<button>
		<name>CLEAR_ALL_HISTORY</name>
		<type>PUSH_BUTTON</type>
		<img_map_color>1E0000</img_map_color>
		<align>BR</align>
		<push_next_state>1</push_next_state>
	</button>
	<button>
		<name>EXIT_APP</name>
		<type>PUSH_BUTTON</type>
		<img_map_color>140000</img_map_color>
		<align>BR</align>
		<push_next_state>1</push_next_state>
	</button>
</state>