<?xml version="1.0" encoding="ISO-8859-1"?>
<state ID="1.1">
	<!-- UI Files  -->
	<btn_file>state1_1.png</btn_file>
	<btn_focus_file>state1_1_focus.png</btn_focus_file>
	<btn_hl_file>state1_1_hl.png</btn_hl_file>
	<btn_imgmap_file>state1_1_imgmap.png</btn_imgmap_file>
	<bg_file>state1_1_bg.png</bg_file>
	<bg_imgmap_file>state1_1_bg_imgmap.png</bg_imgmap_file>
 
	
	<!-- When click on empty area, which state to go -->	
	<empty_click_next_state>1</empty_click_next_state>
	
	<!-- Buttons  -->
	<button>
    <!-- OPEN BOOKMARK button  -->
		<name>CHANGE_STATE_openbm</name>
		<type>PUSH_BUTTON</type>
		<img_map_color>280000</img_map_color>
		<align>BL</align>
		<push_next_state>3</push_next_state>
	</button>
	<button>
		<name>ADD_BOOKMARK</name>
		<type>PUSH_BUTTON</type>
		<img_map_color>1E0000</img_map_color>
		<align>BL</align>
		<push_next_state>1</push_next_state>
	</button>
	<button>
    <!-- Delete BOOKMARK button  -->
		<name>CHANGE_STATE_delbm</name>
		<type>PUSH_BUTTON</type>
		<img_map_color>140000</img_map_color>
		<align>BL</align>
		<push_next_state>4</push_next_state>
	</button>
</state>