<?xml version="1.0" encoding="ISO-8859-1"?>
<ui_cache>
    <element>
        <name>SHOW</name>
        <eRectB4Align_x>197</eRectB4Align_x>
        <eRectB4Align_y>355</eRectB4Align_y>
        <eRectB4Align_w>34</eRectB4Align_w>
        <eRectB4Align_h>37</eRectB4Align_h>
        <BmpRect_x>0</BmpRect_x>
        <BmpRect_y>0</BmpRect_y>
        <BmpRect_w>240</BmpRect_w>
        <BmpRect_h>400</BmpRect_h>
    </element>
    <element>
        <name>CHANGE_STATE_openbm</name>
        <eRectB4Align_x>1</eRectB4Align_x>
        <eRectB4Align_y>243</eRectB4Align_y>
        <eRectB4Align_w>181</eRectB4Align_w>
        <eRectB4Align_h>39</eRectB4Align_h>
        <BmpRect_x>0</BmpRect_x>
        <BmpRect_y>0</BmpRect_y>
        <BmpRect_w>240</BmpRect_w>
        <BmpRect_h>400</BmpRect_h>
    </element>
    <element>
        <name>ADD_BOOKMARK</name>
        <eRectB4Align_x>1</eRectB4Align_x>
        <eRectB4Align_y>282</eRectB4Align_y>
        <eRectB4Align_w>181</eRectB4Align_w>
        <eRectB4Align_h>39</eRectB4Align_h>
        <BmpRect_x>0</BmpRect_x>
        <BmpRect_y>0</BmpRect_y>
        <BmpRect_w>240</BmpRect_w>
        <BmpRect_h>400</BmpRect_h>
    </element>
    <element>
        <name>CHANGE_STATE_delbm</name>
        <eRectB4Align_x>1</eRectB4Align_x>
        <eRectB4Align_y>321</eRectB4Align_y>
        <eRectB4Align_w>181</eRectB4Align_w>
        <eRectB4Align_h>40</eRectB4Align_h>
        <BmpRect_x>0</BmpRect_x>
        <BmpRect_y>0</BmpRect_y>
        <BmpRect_w>240</BmpRect_w>
        <BmpRect_h>400</BmpRect_h>
    </element>
    <element>
        <name>IPHONE_MODE</name>
        <eRectB4Align_x>103</eRectB4Align_x>
        <eRectB4Align_y>243</eRectB4Align_y>
        <eRectB4Align_w>136</eRectB4Align_w>
        <eRectB4Align_h>30</eRectB4Align_h>
        <BmpRect_x>0</BmpRect_x>
        <BmpRect_y>0</BmpRect_y>
        <BmpRect_w>240</BmpRect_w>
        <BmpRect_h>400</BmpRect_h>
    </element>
    <element>
        <name>CLEAR_COOKIES</name>
        <eRectB4Align_x>103</eRectB4Align_x>
        <eRectB4Align_y>273</eRectB4Align_y>
        <eRectB4Align_w>136</eRectB4Align_w>
        <eRectB4Align_h>29</eRectB4Align_h>
        <BmpRect_x>0</BmpRect_x>
        <BmpRect_y>0</BmpRect_y>
        <BmpRect_w>240</BmpRect_w>
        <BmpRect_h>400</BmpRect_h>
    </element>
    <element>
        <name>CLEAR_ALL_HISTORY</name>
        <eRectB4Align_x>103</eRectB4Align_x>
        <eRectB4Align_y>302</eRectB4Align_y>
        <eRectB4Align_w>136</eRectB4Align_w>
        <eRectB4Align_h>29</eRectB4Align_h>
        <BmpRect_x>0</BmpRect_x>
        <BmpRect_y>0</BmpRect_y>
        <BmpRect_w>240</BmpRect_w>
        <BmpRect_h>400</BmpRect_h>
    </element>
    <element>
        <name>EXIT_APP</name>
        <eRectB4Align_x>103</eRectB4Align_x>
        <eRectB4Align_y>331</eRectB4Align_y>
        <eRectB4Align_w>136</eRectB4Align_w>
        <eRectB4Align_h>29</eRectB4Align_h>
        <BmpRect_x>0</BmpRect_x>
        <BmpRect_y>0</BmpRect_y>
        <BmpRect_w>240</BmpRect_w>
        <BmpRect_h>400</BmpRect_h>
    </element>
    <element>
        <name>TOP</name>
        <eRectB4Align_x>0</eRectB4Align_x>
        <eRectB4Align_y>0</eRectB4Align_y>
        <eRectB4Align_w>240</eRectB4Align_w>
        <eRectB4Align_h>37</eRectB4Align_h>
        <BmpRect_x>0</BmpRect_x>
        <BmpRect_y>0</BmpRect_y>
        <BmpRect_w>240</BmpRect_w>
        <BmpRect_h>400</BmpRect_h>
    </element>
    <element>
        <name>BOTTOM</name>
        <eRectB4Align_x>0</eRectB4Align_x>
        <eRectB4Align_y>362</eRectB4Align_y>
        <eRectB4Align_w>240</eRectB4Align_w>
        <eRectB4Align_h>38</eRectB4Align_h>
        <BmpRect_x>0</BmpRect_x>
        <BmpRect_y>0</BmpRect_y>
        <BmpRect_w>240</BmpRect_w>
        <BmpRect_h>400</BmpRect_h>
    </element>
    <element>
        <name>LOAD_STOP</name>
        <eRectB4Align_x>206</eRectB4Align_x>
        <eRectB4Align_y>2</eRectB4Align_y>
        <eRectB4Align_w>33</eRectB4Align_w>
        <eRectB4Align_h>33</eRectB4Align_h>
        <BmpRect_x>0</BmpRect_x>
        <BmpRect_y>0</BmpRect_y>
        <BmpRect_w>240</BmpRect_w>
        <BmpRect_h>400</BmpRect_h>
    </element>
    <element>
        <name>BACK</name>
        <eRectB4Align_x>3</eRectB4Align_x>
        <eRectB4Align_y>363</eRectB4Align_y>
        <eRectB4Align_w>30</eRectB4Align_w>
        <eRectB4Align_h>36</eRectB4Align_h>
        <BmpRect_x>0</BmpRect_x>
        <BmpRect_y>0</BmpRect_y>
        <BmpRect_w>240</BmpRect_w>
        <BmpRect_h>400</BmpRect_h>
    </element>
    <element>
        <name>CHANGE_STATE_open_bookmark</name>
        <eRectB4Align_x>43</eRectB4Align_x>
        <eRectB4Align_y>363</eRectB4Align_y>
        <eRectB4Align_w>30</eRectB4Align_w>
        <eRectB4Align_h>36</eRectB4Align_h>
        <BmpRect_x>0</BmpRect_x>
        <BmpRect_y>0</BmpRect_y>
        <BmpRect_w>240</BmpRect_w>
        <BmpRect_h>400</BmpRect_h>
    </element>
    <element>
        <name>GOTOURL_home</name>
        <eRectB4Align_x>124</eRectB4Align_x>
        <eRectB4Align_y>363</eRectB4Align_y>
        <eRectB4Align_w>30</eRectB4Align_w>
        <eRectB4Align_h>36</eRectB4Align_h>
        <BmpRect_x>0</BmpRect_x>
        <BmpRect_y>0</BmpRect_y>
        <BmpRect_w>240</BmpRect_w>
        <BmpRect_h>400</BmpRect_h>
    </element>
    <element>
        <name>CHANGE_STATE_zoom</name>
        <eRectB4Align_x>164</eRectB4Align_x>
        <eRectB4Align_y>363</eRectB4Align_y>
        <eRectB4Align_w>31</eRectB4Align_w>
        <eRectB4Align_h>36</eRectB4Align_h>
        <BmpRect_x>0</BmpRect_x>
        <BmpRect_y>0</BmpRect_y>
        <BmpRect_w>240</BmpRect_w>
        <BmpRect_h>400</BmpRect_h>
    </element>
    <element>
        <name>CHANGE_STATE_setting</name>
        <eRectB4Align_x>204</eRectB4Align_x>
        <eRectB4Align_y>363</eRectB4Align_y>
        <eRectB4Align_w>32</eRectB4Align_w>
        <eRectB4Align_h>36</eRectB4Align_h>
        <BmpRect_x>0</BmpRect_x>
        <BmpRect_y>0</BmpRect_y>
        <BmpRect_w>240</BmpRect_w>
        <BmpRect_h>400</BmpRect_h>
    </element>
    <element>
        <name>INPUT</name>
        <eRectB4Align_x>84</eRectB4Align_x>
        <eRectB4Align_y>363</eRectB4Align_y>
        <eRectB4Align_w>30</eRectB4Align_w>
        <eRectB4Align_h>36</eRectB4Align_h>
        <BmpRect_x>0</BmpRect_x>
        <BmpRect_y>0</BmpRect_y>
        <BmpRect_w>240</BmpRect_w>
        <BmpRect_h>400</BmpRect_h>
    </element>
    <element>
        <name>URLINPUT</name>
        <eRectB4Align_x>6</eRectB4Align_x>
        <eRectB4Align_y>4</eRectB4Align_y>
        <eRectB4Align_w>195</eRectB4Align_w>
        <eRectB4Align_h>29</eRectB4Align_h>
        <BmpRect_x>0</BmpRect_x>
        <BmpRect_y>0</BmpRect_y>
        <BmpRect_w>240</BmpRect_w>
        <BmpRect_h>400</BmpRect_h>
    </element>
    <element>
        <name>ZOOM_BAR_BACKGROUND</name>
        <eRectB4Align_x>8</eRectB4Align_x>
        <eRectB4Align_y>319</eRectB4Align_y>
        <eRectB4Align_w>226</eRectB4Align_w>
        <eRectB4Align_h>35</eRectB4Align_h>
        <BmpRect_x>0</BmpRect_x>
        <BmpRect_y>0</BmpRect_y>
        <BmpRect_w>240</BmpRect_w>
        <BmpRect_h>400</BmpRect_h>
    </element>
    <element>
        <name>ZOOM_OUT5</name>
        <eRectB4Align_x>27</eRectB4Align_x>
        <eRectB4Align_y>314</eRectB4Align_y>
        <eRectB4Align_w>17</eRectB4Align_w>
        <eRectB4Align_h>44</eRectB4Align_h>
        <BmpRect_x>0</BmpRect_x>
        <BmpRect_y>0</BmpRect_y>
        <BmpRect_w>240</BmpRect_w>
        <BmpRect_h>400</BmpRect_h>
    </element>
    <element>
        <name>ZOOM_OUT4</name>
        <eRectB4Align_x>44</eRectB4Align_x>
        <eRectB4Align_y>314</eRectB4Align_y>
        <eRectB4Align_w>17</eRectB4Align_w>
        <eRectB4Align_h>44</eRectB4Align_h>
        <BmpRect_x>0</BmpRect_x>
        <BmpRect_y>0</BmpRect_y>
        <BmpRect_w>240</BmpRect_w>
        <BmpRect_h>400</BmpRect_h>
    </element>
    <element>
        <name>ZOOM_OUT3</name>
        <eRectB4Align_x>61</eRectB4Align_x>
        <eRectB4Align_y>314</eRectB4Align_y>
        <eRectB4Align_w>17</eRectB4Align_w>
        <eRectB4Align_h>44</eRectB4Align_h>
        <BmpRect_x>0</BmpRect_x>
        <BmpRect_y>0</BmpRect_y>
        <BmpRect_w>240</BmpRect_w>
        <BmpRect_h>400</BmpRect_h>
    </element>
    <element>
        <name>ZOOM_OUT2</name>
        <eRectB4Align_x>78</eRectB4Align_x>
        <eRectB4Align_y>314</eRectB4Align_y>
        <eRectB4Align_w>17</eRectB4Align_w>
        <eRectB4Align_h>44</eRectB4Align_h>
        <BmpRect_x>0</BmpRect_x>
        <BmpRect_y>0</BmpRect_y>
        <BmpRect_w>240</BmpRect_w>
        <BmpRect_h>400</BmpRect_h>
    </element>
    <element>
        <name>ZOOM_OUT1</name>
        <eRectB4Align_x>95</eRectB4Align_x>
        <eRectB4Align_y>314</eRectB4Align_y>
        <eRectB4Align_w>17</eRectB4Align_w>
        <eRectB4Align_h>44</eRectB4Align_h>
        <BmpRect_x>0</BmpRect_x>
        <BmpRect_y>0</BmpRect_y>
        <BmpRect_w>240</BmpRect_w>
        <BmpRect_h>400</BmpRect_h>
    </element>
    <element>
        <name>ZOOM_NORMAL</name>
        <eRectB4Align_x>112</eRectB4Align_x>
        <eRectB4Align_y>314</eRectB4Align_y>
        <eRectB4Align_w>16</eRectB4Align_w>
        <eRectB4Align_h>44</eRectB4Align_h>
        <BmpRect_x>0</BmpRect_x>
        <BmpRect_y>0</BmpRect_y>
        <BmpRect_w>240</BmpRect_w>
        <BmpRect_h>400</BmpRect_h>
    </element>
    <element>
        <name>ZOOM_IN1</name>
        <eRectB4Align_x>128</eRectB4Align_x>
        <eRectB4Align_y>314</eRectB4Align_y>
        <eRectB4Align_w>17</eRectB4Align_w>
        <eRectB4Align_h>44</eRectB4Align_h>
        <BmpRect_x>0</BmpRect_x>
        <BmpRect_y>0</BmpRect_y>
        <BmpRect_w>240</BmpRect_w>
        <BmpRect_h>400</BmpRect_h>
    </element>
    <element>
        <name>ZOOM_IN2</name>
        <eRectB4Align_x>145</eRectB4Align_x>
        <eRectB4Align_y>314</eRectB4Align_y>
        <eRectB4Align_w>17</eRectB4Align_w>
        <eRectB4Align_h>44</eRectB4Align_h>
        <BmpRect_x>0</BmpRect_x>
        <BmpRect_y>0</BmpRect_y>
        <BmpRect_w>240</BmpRect_w>
        <BmpRect_h>400</BmpRect_h>
    </element>
    <element>
        <name>ZOOM_IN3</name>
        <eRectB4Align_x>162</eRectB4Align_x>
        <eRectB4Align_y>314</eRectB4Align_y>
        <eRectB4Align_w>17</eRectB4Align_w>
        <eRectB4Align_h>44</eRectB4Align_h>
        <BmpRect_x>0</BmpRect_x>
        <BmpRect_y>0</BmpRect_y>
        <BmpRect_w>240</BmpRect_w>
        <BmpRect_h>400</BmpRect_h>
    </element>
    <element>
        <name>ZOOM_IN4</name>
        <eRectB4Align_x>179</eRectB4Align_x>
        <eRectB4Align_y>314</eRectB4Align_y>
        <eRectB4Align_w>17</eRectB4Align_w>
        <eRectB4Align_h>44</eRectB4Align_h>
        <BmpRect_x>0</BmpRect_x>
        <BmpRect_y>0</BmpRect_y>
        <BmpRect_w>240</BmpRect_w>
        <BmpRect_h>400</BmpRect_h>
    </element>
    <element>
        <name>ZOOM_IN5</name>
        <eRectB4Align_x>196</eRectB4Align_x>
        <eRectB4Align_y>314</eRectB4Align_y>
        <eRectB4Align_w>18</eRectB4Align_w>
        <eRectB4Align_h>44</eRectB4Align_h>
        <BmpRect_x>0</BmpRect_x>
        <BmpRect_y>0</BmpRect_y>
        <BmpRect_w>240</BmpRect_w>
        <BmpRect_h>400</BmpRect_h>
    </element>
    <element>
        <name>STATE3_BG_Rect</name>
        <eRectB4Align_x>0</eRectB4Align_x>
        <eRectB4Align_y>0</eRectB4Align_y>
        <eRectB4Align_w>240</eRectB4Align_w>
        <eRectB4Align_h>400</eRectB4Align_h>
        <BmpRect_x>0</BmpRect_x>
        <BmpRect_y>0</BmpRect_y>
        <BmpRect_w>240</BmpRect_w>
        <BmpRect_h>400</BmpRect_h>
    </element>
    <element>
        <name>bookmark_label</name>
        <eRectB4Align_x>12</eRectB4Align_x>
        <eRectB4Align_y>5</eRectB4Align_y>
        <eRectB4Align_w>125</eRectB4Align_w>
        <eRectB4Align_h>16</eRectB4Align_h>
        <BmpRect_x>0</BmpRect_x>
        <BmpRect_y>0</BmpRect_y>
        <BmpRect_w>240</BmpRect_w>
        <BmpRect_h>400</BmpRect_h>
    </element>
    <element>
        <name>CHANGE_STATE_back</name>
        <eRectB4Align_x>209</eRectB4Align_x>
        <eRectB4Align_y>4</eRectB4Align_y>
        <eRectB4Align_w>27</eRectB4Align_w>
        <eRectB4Align_h>16</eRectB4Align_h>
        <BmpRect_x>0</BmpRect_x>
        <BmpRect_y>0</BmpRect_y>
        <BmpRect_w>240</BmpRect_w>
        <BmpRect_h>400</BmpRect_h>
    </element>
    <element>
        <name>PREV_BOOKMARK_PAGE</name>
        <eRectB4Align_x>2</eRectB4Align_x>
        <eRectB4Align_y>372</eRectB4Align_y>
        <eRectB4Align_w>28</eRectB4Align_w>
        <eRectB4Align_h>28</eRectB4Align_h>
        <BmpRect_x>0</BmpRect_x>
        <BmpRect_y>0</BmpRect_y>
        <BmpRect_w>240</BmpRect_w>
        <BmpRect_h>400</BmpRect_h>
    </element>
    <element>
        <name>NEXT_BOOKMARK_PAGE</name>
        <eRectB4Align_x>211</eRectB4Align_x>
        <eRectB4Align_y>372</eRectB4Align_y>
        <eRectB4Align_w>29</eRectB4Align_w>
        <eRectB4Align_h>28</eRectB4Align_h>
        <BmpRect_x>0</BmpRect_x>
        <BmpRect_y>0</BmpRect_y>
        <BmpRect_w>240</BmpRect_w>
        <BmpRect_h>400</BmpRect_h>
    </element>
    <element>
        <name>OPEN_BOOKMARK_LIST</name>
        <eRectB4Align_x>12</eRectB4Align_x>
        <eRectB4Align_y>31</eRectB4Align_y>
        <eRectB4Align_w>96</eRectB4Align_w>
        <eRectB4Align_h>97</eRectB4Align_h>
        <BmpRect_x>0</BmpRect_x>
        <BmpRect_y>0</BmpRect_y>
        <BmpRect_w>240</BmpRect_w>
        <BmpRect_h>400</BmpRect_h>
    </element>
    <element>
        <name>STATE4_BG_Rect</name>
        <eRectB4Align_x>0</eRectB4Align_x>
        <eRectB4Align_y>0</eRectB4Align_y>
        <eRectB4Align_w>240</eRectB4Align_w>
        <eRectB4Align_h>400</eRectB4Align_h>
        <BmpRect_x>0</BmpRect_x>
        <BmpRect_y>0</BmpRect_y>
        <BmpRect_w>240</BmpRect_w>
        <BmpRect_h>400</BmpRect_h>
    </element>
    <element>
        <name>del_bookmark_label</name>
        <eRectB4Align_x>12</eRectB4Align_x>
        <eRectB4Align_y>5</eRectB4Align_y>
        <eRectB4Align_w>125</eRectB4Align_w>
        <eRectB4Align_h>16</eRectB4Align_h>
        <BmpRect_x>0</BmpRect_x>
        <BmpRect_y>0</BmpRect_y>
        <BmpRect_w>240</BmpRect_w>
        <BmpRect_h>400</BmpRect_h>
    </element>
    <element>
        <name>CHANGE_STATE_back2</name>
        <eRectB4Align_x>209</eRectB4Align_x>
        <eRectB4Align_y>4</eRectB4Align_y>
        <eRectB4Align_w>27</eRectB4Align_w>
        <eRectB4Align_h>16</eRectB4Align_h>
        <BmpRect_x>0</BmpRect_x>
        <BmpRect_y>0</BmpRect_y>
        <BmpRect_w>240</BmpRect_w>
        <BmpRect_h>400</BmpRect_h>
    </element>
    <element>
        <name>PREV_DEL_BOOKMARK_PAGE</name>
        <eRectB4Align_x>2</eRectB4Align_x>
        <eRectB4Align_y>372</eRectB4Align_y>
        <eRectB4Align_w>28</eRectB4Align_w>
        <eRectB4Align_h>28</eRectB4Align_h>
        <BmpRect_x>0</BmpRect_x>
        <BmpRect_y>0</BmpRect_y>
        <BmpRect_w>240</BmpRect_w>
        <BmpRect_h>400</BmpRect_h>
    </element>
    <element>
        <name>NEXT_DEL_BOOKMARK_PAGE</name>
        <eRectB4Align_x>211</eRectB4Align_x>
        <eRectB4Align_y>372</eRectB4Align_y>
        <eRectB4Align_w>29</eRectB4Align_w>
        <eRectB4Align_h>28</eRectB4Align_h>
        <BmpRect_x>0</BmpRect_x>
        <BmpRect_y>0</BmpRect_y>
        <BmpRect_w>240</BmpRect_w>
        <BmpRect_h>400</BmpRect_h>
    </element>
    <element>
        <name>DEL_BOOKMARK_LIST</name>
        <eRectB4Align_x>12</eRectB4Align_x>
        <eRectB4Align_y>31</eRectB4Align_y>
        <eRectB4Align_w>96</eRectB4Align_w>
        <eRectB4Align_h>97</eRectB4Align_h>
        <BmpRect_x>0</BmpRect_x>
        <BmpRect_y>0</BmpRect_y>
        <BmpRect_w>240</BmpRect_w>
        <BmpRect_h>400</BmpRect_h>
    </element>
    <element>
        <name>DLG2_BG</name>
        <eRectB4Align_x>7</eRectB4Align_x>
        <eRectB4Align_y>7</eRectB4Align_y>
        <eRectB4Align_w>230</eRectB4Align_w>
        <eRectB4Align_h>127</eRectB4Align_h>
        <BmpRect_x>0</BmpRect_x>
        <BmpRect_y>0</BmpRect_y>
        <BmpRect_w>240</BmpRect_w>
        <BmpRect_h>400</BmpRect_h>
    </element>
    <element>
        <name>DLG2_MESSAGE</name>
        <eRectB4Align_x>20</eRectB4Align_x>
        <eRectB4Align_y>26</eRectB4Align_y>
        <eRectB4Align_w>204</eRectB4Align_w>
        <eRectB4Align_h>14</eRectB4Align_h>
        <BmpRect_x>0</BmpRect_x>
        <BmpRect_y>0</BmpRect_y>
        <BmpRect_w>240</BmpRect_w>
        <BmpRect_h>400</BmpRect_h>
    </element>
    <element>
        <name>DLG2_INPUT1_LABEL</name>
        <eRectB4Align_x>20</eRectB4Align_x>
        <eRectB4Align_y>56</eRectB4Align_y>
        <eRectB4Align_w>59</eRectB4Align_w>
        <eRectB4Align_h>11</eRectB4Align_h>
        <BmpRect_x>0</BmpRect_x>
        <BmpRect_y>0</BmpRect_y>
        <BmpRect_w>240</BmpRect_w>
        <BmpRect_h>400</BmpRect_h>
    </element>
    <element>
        <name>DLG2_INPUT2_LABEL</name>
        <eRectB4Align_x>20</eRectB4Align_x>
        <eRectB4Align_y>78</eRectB4Align_y>
        <eRectB4Align_w>59</eRectB4Align_w>
        <eRectB4Align_h>11</eRectB4Align_h>
        <BmpRect_x>0</BmpRect_x>
        <BmpRect_y>0</BmpRect_y>
        <BmpRect_w>240</BmpRect_w>
        <BmpRect_h>400</BmpRect_h>
    </element>
    <element>
        <name>DLG2_OK</name>
        <eRectB4Align_x>38</eRectB4Align_x>
        <eRectB4Align_y>103</eRectB4Align_y>
        <eRectB4Align_w>61</eRectB4Align_w>
        <eRectB4Align_h>22</eRectB4Align_h>
        <BmpRect_x>0</BmpRect_x>
        <BmpRect_y>0</BmpRect_y>
        <BmpRect_w>240</BmpRect_w>
        <BmpRect_h>400</BmpRect_h>
    </element>
    <element>
        <name>DLG2_CANCEL</name>
        <eRectB4Align_x>143</eRectB4Align_x>
        <eRectB4Align_y>103</eRectB4Align_y>
        <eRectB4Align_w>61</eRectB4Align_w>
        <eRectB4Align_h>22</eRectB4Align_h>
        <BmpRect_x>0</BmpRect_x>
        <BmpRect_y>0</BmpRect_y>
        <BmpRect_w>240</BmpRect_w>
        <BmpRect_h>400</BmpRect_h>
    </element>
    <element>
        <name>DLG2_INPUT1_BOX</name>
        <eRectB4Align_x>85</eRectB4Align_x>
        <eRectB4Align_y>55</eRectB4Align_y>
        <eRectB4Align_w>137</eRectB4Align_w>
        <eRectB4Align_h>13</eRectB4Align_h>
        <BmpRect_x>0</BmpRect_x>
        <BmpRect_y>0</BmpRect_y>
        <BmpRect_w>240</BmpRect_w>
        <BmpRect_h>400</BmpRect_h>
    </element>
    <element>
        <name>DLG2_INPUT2_BOX</name>
        <eRectB4Align_x>85</eRectB4Align_x>
        <eRectB4Align_y>77</eRectB4Align_y>
        <eRectB4Align_w>137</eRectB4Align_w>
        <eRectB4Align_h>13</eRectB4Align_h>
        <BmpRect_x>0</BmpRect_x>
        <BmpRect_y>0</BmpRect_y>
        <BmpRect_w>240</BmpRect_w>
        <BmpRect_h>400</BmpRect_h>
    </element>
    <element>
        <name>DIALOGBOX_BG</name>
        <eRectB4Align_x>5</eRectB4Align_x>
        <eRectB4Align_y>5</eRectB4Align_y>
        <eRectB4Align_w>229</eRectB4Align_w>
        <eRectB4Align_h>126</eRectB4Align_h>
        <BmpRect_x>0</BmpRect_x>
        <BmpRect_y>0</BmpRect_y>
        <BmpRect_w>240</BmpRect_w>
        <BmpRect_h>400</BmpRect_h>
    </element>
    <element>
        <name>DIALOGBOX_MESSAGE</name>
        <eRectB4Align_x>18</eRectB4Align_x>
        <eRectB4Align_y>31</eRectB4Align_y>
        <eRectB4Align_w>203</eRectB4Align_w>
        <eRectB4Align_h>22</eRectB4Align_h>
        <BmpRect_x>0</BmpRect_x>
        <BmpRect_y>0</BmpRect_y>
        <BmpRect_w>240</BmpRect_w>
        <BmpRect_h>400</BmpRect_h>
    </element>
    <element>
        <name>DIALOGBOX_OK</name>
        <eRectB4Align_x>91</eRectB4Align_x>
        <eRectB4Align_y>103</eRectB4Align_y>
        <eRectB4Align_w>58</eRectB4Align_w>
        <eRectB4Align_h>16</eRectB4Align_h>
        <BmpRect_x>0</BmpRect_x>
        <BmpRect_y>0</BmpRect_y>
        <BmpRect_w>240</BmpRect_w>
        <BmpRect_h>400</BmpRect_h>
    </element>
    <offset>
        <bmp_name>240_SHOW0_32</bmp_name>
        <bmp_offset>0</bmp_offset>
    </offset>
    <offset>
        <bmp_name>240_SHOW4_32</bmp_name>
        <bmp_offset>1980</bmp_offset>
    </offset>
    <offset>
        <bmp_name>240_SHOW2_32</bmp_name>
        <bmp_offset>5074</bmp_offset>
    </offset>
    <offset>
        <bmp_name>240_CHANGE_STATE_openbm0_32</bmp_name>
        <bmp_offset>7307</bmp_offset>
    </offset>
    <offset>
        <bmp_name>240_CHANGE_STATE_openbm4_32</bmp_name>
        <bmp_offset>13954</bmp_offset>
    </offset>
    <offset>
        <bmp_name>240_CHANGE_STATE_openbm2_32</bmp_name>
        <bmp_offset>21292</bmp_offset>
    </offset>
    <offset>
        <bmp_name>240_ADD_BOOKMARK0_32</bmp_name>
        <bmp_offset>28630</bmp_offset>
    </offset>
    <offset>
        <bmp_name>240_ADD_BOOKMARK4_32</bmp_name>
        <bmp_offset>34901</bmp_offset>
    </offset>
    <offset>
        <bmp_name>240_ADD_BOOKMARK2_32</bmp_name>
        <bmp_offset>41757</bmp_offset>
    </offset>
    <offset>
        <bmp_name>240_CHANGE_STATE_delbm0_32</bmp_name>
        <bmp_offset>48613</bmp_offset>
    </offset>
    <offset>
        <bmp_name>240_CHANGE_STATE_delbm4_32</bmp_name>
        <bmp_offset>54759</bmp_offset>
    </offset>
    <offset>
        <bmp_name>240_CHANGE_STATE_delbm2_32</bmp_name>
        <bmp_offset>61490</bmp_offset>
    </offset>
    <offset>
        <bmp_name>240_IPHONE_MODE0_32</bmp_name>
        <bmp_offset>68221</bmp_offset>
    </offset>
    <offset>
        <bmp_name>240_IPHONE_MODE4_32</bmp_name>
        <bmp_offset>70873</bmp_offset>
    </offset>
    <offset>
        <bmp_name>240_IPHONE_MODE2_32</bmp_name>
        <bmp_offset>73535</bmp_offset>
    </offset>
    <offset>
        <bmp_name>240_IPHONE_MODE5_32</bmp_name>
        <bmp_offset>76197</bmp_offset>
    </offset>
    <offset>
        <bmp_name>240_IPHONE_MODE7_32</bmp_name>
        <bmp_offset>78976</bmp_offset>
    </offset>
    <offset>
        <bmp_name>240_IPHONE_MODE6_32</bmp_name>
        <bmp_offset>81764</bmp_offset>
    </offset>
    <offset>
        <bmp_name>240_CLEAR_COOKIES0_32</bmp_name>
        <bmp_offset>84552</bmp_offset>
    </offset>
    <offset>
        <bmp_name>240_CLEAR_COOKIES4_32</bmp_name>
        <bmp_offset>87089</bmp_offset>
    </offset>
    <offset>
        <bmp_name>240_CLEAR_COOKIES2_32</bmp_name>
        <bmp_offset>89696</bmp_offset>
    </offset>
    <offset>
        <bmp_name>240_CLEAR_ALL_HISTORY0_32</bmp_name>
        <bmp_offset>92303</bmp_offset>
    </offset>
    <offset>
        <bmp_name>240_CLEAR_ALL_HISTORY4_32</bmp_name>
        <bmp_offset>94988</bmp_offset>
    </offset>
    <offset>
        <bmp_name>240_CLEAR_ALL_HISTORY2_32</bmp_name>
        <bmp_offset>97783</bmp_offset>
    </offset>
    <offset>
        <bmp_name>240_EXIT_APP0_32</bmp_name>
        <bmp_offset>100578</bmp_offset>
    </offset>
    <offset>
        <bmp_name>240_EXIT_APP4_32</bmp_name>
        <bmp_offset>102731</bmp_offset>
    </offset>
    <offset>
        <bmp_name>240_EXIT_APP2_32</bmp_name>
        <bmp_offset>104926</bmp_offset>
    </offset>
    <offset>
        <bmp_name>240_TOP9_32</bmp_name>
        <bmp_offset>107121</bmp_offset>
    </offset>
    <offset>
        <bmp_name>240_BOTTOM9_32</bmp_name>
        <bmp_offset>111781</bmp_offset>
    </offset>
    <offset>
        <bmp_name>240_LOAD_STOP0_32</bmp_name>
        <bmp_offset>116838</bmp_offset>
    </offset>
    <offset>
        <bmp_name>240_LOAD_STOP4_32</bmp_name>
        <bmp_offset>118990</bmp_offset>
    </offset>
    <offset>
        <bmp_name>240_LOAD_STOP2_32</bmp_name>
        <bmp_offset>120801</bmp_offset>
    </offset>
    <offset>
        <bmp_name>240_LOAD_STOP5_32</bmp_name>
        <bmp_offset>122666</bmp_offset>
    </offset>
    <offset>
        <bmp_name>240_LOAD_STOP7_32</bmp_name>
        <bmp_offset>124558</bmp_offset>
    </offset>
    <offset>
        <bmp_name>240_LOAD_STOP6_32</bmp_name>
        <bmp_offset>125950</bmp_offset>
    </offset>
    <offset>
        <bmp_name>240_BACK0_32</bmp_name>
        <bmp_offset>127665</bmp_offset>
    </offset>
    <offset>
        <bmp_name>240_BACK4_32</bmp_name>
        <bmp_offset>129648</bmp_offset>
    </offset>
    <offset>
        <bmp_name>240_BACK2_32</bmp_name>
        <bmp_offset>131288</bmp_offset>
    </offset>
    <offset>
        <bmp_name>240_BACK1_32</bmp_name>
        <bmp_offset>133076</bmp_offset>
    </offset>
    <offset>
        <bmp_name>240_CHANGE_STATE_open_bookmark0_32</bmp_name>
        <bmp_offset>134703</bmp_offset>
    </offset>
    <offset>
        <bmp_name>240_CHANGE_STATE_open_bookmark4_32</bmp_name>
        <bmp_offset>137409</bmp_offset>
    </offset>
    <offset>
        <bmp_name>240_CHANGE_STATE_open_bookmark2_32</bmp_name>
        <bmp_offset>139567</bmp_offset>
    </offset>
    <offset>
        <bmp_name>240_GOTOURL_home0_32</bmp_name>
        <bmp_offset>142025</bmp_offset>
    </offset>
    <offset>
        <bmp_name>240_GOTOURL_home4_32</bmp_name>
        <bmp_offset>144421</bmp_offset>
    </offset>
    <offset>
        <bmp_name>240_GOTOURL_home2_32</bmp_name>
        <bmp_offset>146551</bmp_offset>
    </offset>
    <offset>
        <bmp_name>240_CHANGE_STATE_zoom0_32</bmp_name>
        <bmp_offset>148835</bmp_offset>
    </offset>
    <offset>
        <bmp_name>240_CHANGE_STATE_zoom4_32</bmp_name>
        <bmp_offset>150737</bmp_offset>
    </offset>
    <offset>
        <bmp_name>240_CHANGE_STATE_zoom2_32</bmp_name>
        <bmp_offset>152325</bmp_offset>
    </offset>
    <offset>
        <bmp_name>240_CHANGE_STATE_setting0_32</bmp_name>
        <bmp_offset>153969</bmp_offset>
    </offset>
    <offset>
        <bmp_name>240_CHANGE_STATE_setting4_32</bmp_name>
        <bmp_offset>155829</bmp_offset>
    </offset>
    <offset>
        <bmp_name>240_CHANGE_STATE_setting2_32</bmp_name>
        <bmp_offset>157396</bmp_offset>
    </offset>
    <offset>
        <bmp_name>240_INPUT0_32</bmp_name>
        <bmp_offset>159037</bmp_offset>
    </offset>
    <offset>
        <bmp_name>240_INPUT4_32</bmp_name>
        <bmp_offset>161497</bmp_offset>
    </offset>
    <offset>
        <bmp_name>240_INPUT2_32</bmp_name>
        <bmp_offset>163740</bmp_offset>
    </offset>
    <offset>
        <bmp_name>240_URLINPUT0_32</bmp_name>
        <bmp_offset>166033</bmp_offset>
    </offset>
    <offset>
        <bmp_name>240_URLINPUT2_32</bmp_name>
        <bmp_offset>166983</bmp_offset>
    </offset>
    <offset>
        <bmp_name>240_ZOOM_BAR_BACKGROUND9_32</bmp_name>
        <bmp_offset>167863</bmp_offset>
    </offset>
    <offset>
        <bmp_name>240_ZOOM_OUT50_32</bmp_name>
        <bmp_offset>168819</bmp_offset>
    </offset>
    <offset>
        <bmp_name>240_ZOOM_OUT54_32</bmp_name>
        <bmp_offset>169026</bmp_offset>
    </offset>
    <offset>
        <bmp_name>240_ZOOM_OUT40_32</bmp_name>
        <bmp_offset>169783</bmp_offset>
    </offset>
    <offset>
        <bmp_name>240_ZOOM_OUT44_32</bmp_name>
        <bmp_offset>169856</bmp_offset>
    </offset>
    <offset>
        <bmp_name>240_ZOOM_OUT30_32</bmp_name>
        <bmp_offset>170622</bmp_offset>
    </offset>
    <offset>
        <bmp_name>240_ZOOM_OUT34_32</bmp_name>
        <bmp_offset>170695</bmp_offset>
    </offset>
    <offset>
        <bmp_name>240_ZOOM_OUT20_32</bmp_name>
        <bmp_offset>171440</bmp_offset>
    </offset>
    <offset>
        <bmp_name>240_ZOOM_OUT24_32</bmp_name>
        <bmp_offset>171513</bmp_offset>
    </offset>
    <offset>
        <bmp_name>240_ZOOM_OUT10_32</bmp_name>
        <bmp_offset>172292</bmp_offset>
    </offset>
    <offset>
        <bmp_name>240_ZOOM_OUT14_32</bmp_name>
        <bmp_offset>172365</bmp_offset>
    </offset>
    <offset>
        <bmp_name>240_ZOOM_NORMAL0_32</bmp_name>
        <bmp_offset>173130</bmp_offset>
    </offset>
    <offset>
        <bmp_name>240_ZOOM_NORMAL4_32</bmp_name>
        <bmp_offset>173202</bmp_offset>
    </offset>
    <offset>
        <bmp_name>240_ZOOM_IN10_32</bmp_name>
        <bmp_offset>173958</bmp_offset>
    </offset>
    <offset>
        <bmp_name>240_ZOOM_IN14_32</bmp_name>
        <bmp_offset>174031</bmp_offset>
    </offset>
    <offset>
        <bmp_name>240_ZOOM_IN20_32</bmp_name>
        <bmp_offset>174822</bmp_offset>
    </offset>
    <offset>
        <bmp_name>240_ZOOM_IN24_32</bmp_name>
        <bmp_offset>174895</bmp_offset>
    </offset>
    <offset>
        <bmp_name>240_ZOOM_IN30_32</bmp_name>
        <bmp_offset>175669</bmp_offset>
    </offset>
    <offset>
        <bmp_name>240_ZOOM_IN34_32</bmp_name>
        <bmp_offset>175742</bmp_offset>
    </offset>
    <offset>
        <bmp_name>240_ZOOM_IN40_32</bmp_name>
        <bmp_offset>176509</bmp_offset>
    </offset>
    <offset>
        <bmp_name>240_ZOOM_IN44_32</bmp_name>
        <bmp_offset>176582</bmp_offset>
    </offset>
    <offset>
        <bmp_name>240_ZOOM_IN50_32</bmp_name>
        <bmp_offset>177359</bmp_offset>
    </offset>
    <offset>
        <bmp_name>240_ZOOM_IN54_32</bmp_name>
        <bmp_offset>177578</bmp_offset>
    </offset>
    <offset>
        <bmp_name>240_bookmark_label0_32</bmp_name>
        <bmp_offset>178321</bmp_offset>
    </offset>
    <offset>
        <bmp_name>240_bookmark_label4_32</bmp_name>
        <bmp_offset>178353</bmp_offset>
    </offset>
    <offset>
        <bmp_name>240_bookmark_label2_32</bmp_name>
        <bmp_offset>178385</bmp_offset>
    </offset>
    <offset>
        <bmp_name>240_CHANGE_STATE_back0_32</bmp_name>
        <bmp_offset>178417</bmp_offset>
    </offset>
    <offset>
        <bmp_name>240_CHANGE_STATE_back4_32</bmp_name>
        <bmp_offset>178645</bmp_offset>
    </offset>
    <offset>
        <bmp_name>240_CHANGE_STATE_back2_32</bmp_name>
        <bmp_offset>179100</bmp_offset>
    </offset>
    <offset>
        <bmp_name>240_PREV_BOOKMARK_PAGE0_32</bmp_name>
        <bmp_offset>179645</bmp_offset>
    </offset>
    <offset>
        <bmp_name>240_PREV_BOOKMARK_PAGE4_32</bmp_name>
        <bmp_offset>179931</bmp_offset>
    </offset>
    <offset>
        <bmp_name>240_PREV_BOOKMARK_PAGE2_32</bmp_name>
        <bmp_offset>181387</bmp_offset>
    </offset>
    <offset>
        <bmp_name>240_PREV_BOOKMARK_PAGE1_32</bmp_name>
        <bmp_offset>182686</bmp_offset>
    </offset>
    <offset>
        <bmp_name>240_NEXT_BOOKMARK_PAGE0_32</bmp_name>
        <bmp_offset>182955</bmp_offset>
    </offset>
    <offset>
        <bmp_name>240_NEXT_BOOKMARK_PAGE4_32</bmp_name>
        <bmp_offset>183212</bmp_offset>
    </offset>
    <offset>
        <bmp_name>240_NEXT_BOOKMARK_PAGE2_32</bmp_name>
        <bmp_offset>184882</bmp_offset>
    </offset>
    <offset>
        <bmp_name>240_NEXT_BOOKMARK_PAGE1_32</bmp_name>
        <bmp_offset>186285</bmp_offset>
    </offset>
    <offset>
        <bmp_name>240_OPEN_BOOKMARK_LIST0_32</bmp_name>
        <bmp_offset>186550</bmp_offset>
    </offset>
    <offset>
        <bmp_name>240_OPEN_BOOKMARK_LIST4_32</bmp_name>
        <bmp_offset>187306</bmp_offset>
    </offset>
    <offset>
        <bmp_name>240_OPEN_BOOKMARK_LIST2_32</bmp_name>
        <bmp_offset>188196</bmp_offset>
    </offset>
    <offset>
        <bmp_name>240_OPEN_BOOKMARK_LIST1_32</bmp_name>
        <bmp_offset>189092</bmp_offset>
    </offset>
    <offset>
        <bmp_name>240_del_bookmark_label0_32</bmp_name>
        <bmp_offset>189916</bmp_offset>
    </offset>
    <offset>
        <bmp_name>240_del_bookmark_label4_32</bmp_name>
        <bmp_offset>189948</bmp_offset>
    </offset>
    <offset>
        <bmp_name>240_del_bookmark_label2_32</bmp_name>
        <bmp_offset>189980</bmp_offset>
    </offset>
    <offset>
        <bmp_name>240_CHANGE_STATE_back20_32</bmp_name>
        <bmp_offset>190012</bmp_offset>
    </offset>
    <offset>
        <bmp_name>240_CHANGE_STATE_back24_32</bmp_name>
        <bmp_offset>190240</bmp_offset>
    </offset>
    <offset>
        <bmp_name>240_CHANGE_STATE_back22_32</bmp_name>
        <bmp_offset>190695</bmp_offset>
    </offset>
    <offset>
        <bmp_name>240_PREV_DEL_BOOKMARK_PAGE0_32</bmp_name>
        <bmp_offset>191240</bmp_offset>
    </offset>
    <offset>
        <bmp_name>240_PREV_DEL_BOOKMARK_PAGE4_32</bmp_name>
        <bmp_offset>191526</bmp_offset>
    </offset>
    <offset>
        <bmp_name>240_PREV_DEL_BOOKMARK_PAGE2_32</bmp_name>
        <bmp_offset>192982</bmp_offset>
    </offset>
    <offset>
        <bmp_name>240_PREV_DEL_BOOKMARK_PAGE1_32</bmp_name>
        <bmp_offset>194281</bmp_offset>
    </offset>
    <offset>
        <bmp_name>240_NEXT_DEL_BOOKMARK_PAGE0_32</bmp_name>
        <bmp_offset>194550</bmp_offset>
    </offset>
    <offset>
        <bmp_name>240_NEXT_DEL_BOOKMARK_PAGE4_32</bmp_name>
        <bmp_offset>194807</bmp_offset>
    </offset>
    <offset>
        <bmp_name>240_NEXT_DEL_BOOKMARK_PAGE2_32</bmp_name>
        <bmp_offset>196477</bmp_offset>
    </offset>
    <offset>
        <bmp_name>240_NEXT_DEL_BOOKMARK_PAGE1_32</bmp_name>
        <bmp_offset>197880</bmp_offset>
    </offset>
    <offset>
        <bmp_name>240_DEL_BOOKMARK_LIST0_32</bmp_name>
        <bmp_offset>198145</bmp_offset>
    </offset>
    <offset>
        <bmp_name>240_DEL_BOOKMARK_LIST4_32</bmp_name>
        <bmp_offset>199792</bmp_offset>
    </offset>
    <offset>
        <bmp_name>240_DEL_BOOKMARK_LIST2_32</bmp_name>
        <bmp_offset>201622</bmp_offset>
    </offset>
    <offset>
        <bmp_name>240_DEL_BOOKMARK_LIST1_32</bmp_name>
        <bmp_offset>203473</bmp_offset>
    </offset>
    <offset>
        <bmp_name>240_DLG2_MESSAGE0_32</bmp_name>
        <bmp_offset>204297</bmp_offset>
    </offset>
    <offset>
        <bmp_name>240_DLG2_MESSAGE4_32</bmp_name>
        <bmp_offset>204335</bmp_offset>
    </offset>
    <offset>
        <bmp_name>240_DLG2_MESSAGE2_32</bmp_name>
        <bmp_offset>204373</bmp_offset>
    </offset>
    <offset>
        <bmp_name>240_DLG2_INPUT1_LABEL0_32</bmp_name>
        <bmp_offset>204411</bmp_offset>
    </offset>
    <offset>
        <bmp_name>240_DLG2_INPUT1_LABEL4_32</bmp_name>
        <bmp_offset>204440</bmp_offset>
    </offset>
    <offset>
        <bmp_name>240_DLG2_INPUT1_LABEL2_32</bmp_name>
        <bmp_offset>204469</bmp_offset>
    </offset>
    <offset>
        <bmp_name>240_DLG2_OK0_32</bmp_name>
        <bmp_offset>204498</bmp_offset>
    </offset>
    <offset>
        <bmp_name>240_DLG2_OK4_32</bmp_name>
        <bmp_offset>205056</bmp_offset>
    </offset>
    <offset>
        <bmp_name>240_DLG2_OK2_32</bmp_name>
        <bmp_offset>205735</bmp_offset>
    </offset>
    <offset>
        <bmp_name>240_DLG2_INPUT1_BOX0_32</bmp_name>
        <bmp_offset>206489</bmp_offset>
    </offset>
    <offset>
        <bmp_name>240_DLG2_INPUT1_BOX2_32</bmp_name>
        <bmp_offset>206818</bmp_offset>
    </offset>
    <offset>
        <bmp_name>240_DLG2_INPUT2_BOX0_32</bmp_name>
        <bmp_offset>207281</bmp_offset>
    </offset>
    <offset>
        <bmp_name>240_DLG2_INPUT2_BOX2_32</bmp_name>
        <bmp_offset>207315</bmp_offset>
    </offset>
    <offset>
        <bmp_name>240_DIALOGBOX_MESSAGE0_32</bmp_name>
        <bmp_offset>207349</bmp_offset>
    </offset>
    <offset>
        <bmp_name>240_DIALOGBOX_MESSAGE4_32</bmp_name>
        <bmp_offset>207393</bmp_offset>
    </offset>
    <offset>
        <bmp_name>240_DIALOGBOX_MESSAGE2_32</bmp_name>
        <bmp_offset>207437</bmp_offset>
    </offset>
    <offset>
        <bmp_name>240_DIALOGBOX_OK0_32</bmp_name>
        <bmp_offset>207481</bmp_offset>
    </offset>
    <offset>
        <bmp_name>240_DIALOGBOX_OK4_32</bmp_name>
        <bmp_offset>208339</bmp_offset>
    </offset>
    <offset>
        <bmp_name>240_DIALOGBOX_OK2_32</bmp_name>
        <bmp_offset>209323</bmp_offset>
    </offset>
</ui_cache>
