<?xml version="1.0" encoding="ISO-8859-1"?>
<ui_cache>
    <element>
        <name>SHOW</name>
        <eRectB4Align_x>394</eRectB4Align_x>
        <eRectB4Align_y>711</eRectB4Align_y>
        <eRectB4Align_w>68</eRectB4Align_w>
        <eRectB4Align_h>73</eRectB4Align_h>
        <BmpRect_x>0</BmpRect_x>
        <BmpRect_y>0</BmpRect_y>
        <BmpRect_w>480</BmpRect_w>
        <BmpRect_h>800</BmpRect_h>
    </element>
    <element>
        <name>CHANGE_STATE_openbm</name>
        <eRectB4Align_x>3</eRectB4Align_x>
        <eRectB4Align_y>486</eRectB4Align_y>
        <eRectB4Align_w>361</eRectB4Align_w>
        <eRectB4Align_h>79</eRectB4Align_h>
        <BmpRect_x>0</BmpRect_x>
        <BmpRect_y>0</BmpRect_y>
        <BmpRect_w>480</BmpRect_w>
        <BmpRect_h>800</BmpRect_h>
    </element>
    <element>
        <name>ADD_BOOKMARK</name>
        <eRectB4Align_x>3</eRectB4Align_x>
        <eRectB4Align_y>565</eRectB4Align_y>
        <eRectB4Align_w>361</eRectB4Align_w>
        <eRectB4Align_h>78</eRectB4Align_h>
        <BmpRect_x>0</BmpRect_x>
        <BmpRect_y>0</BmpRect_y>
        <BmpRect_w>480</BmpRect_w>
        <BmpRect_h>800</BmpRect_h>
    </element>
    <element>
        <name>CHANGE_STATE_delbm</name>
        <eRectB4Align_x>3</eRectB4Align_x>
        <eRectB4Align_y>643</eRectB4Align_y>
        <eRectB4Align_w>361</eRectB4Align_w>
        <eRectB4Align_h>78</eRectB4Align_h>
        <BmpRect_x>0</BmpRect_x>
        <BmpRect_y>0</BmpRect_y>
        <BmpRect_w>480</BmpRect_w>
        <BmpRect_h>800</BmpRect_h>
    </element>
    <element>
        <name>IPHONE_MODE</name>
        <eRectB4Align_x>117</eRectB4Align_x>
        <eRectB4Align_y>410</eRectB4Align_y>
        <eRectB4Align_w>361</eRectB4Align_w>
        <eRectB4Align_h>79</eRectB4Align_h>
        <BmpRect_x>0</BmpRect_x>
        <BmpRect_y>0</BmpRect_y>
        <BmpRect_w>480</BmpRect_w>
        <BmpRect_h>800</BmpRect_h>
    </element>
    <element>
        <name>CLEAR_COOKIES</name>
        <eRectB4Align_x>117</eRectB4Align_x>
        <eRectB4Align_y>489</eRectB4Align_y>
        <eRectB4Align_w>361</eRectB4Align_w>
        <eRectB4Align_h>76</eRectB4Align_h>
        <BmpRect_x>0</BmpRect_x>
        <BmpRect_y>0</BmpRect_y>
        <BmpRect_w>480</BmpRect_w>
        <BmpRect_h>800</BmpRect_h>
    </element>
    <element>
        <name>CLEAR_ALL_HISTORY</name>
        <eRectB4Align_x>117</eRectB4Align_x>
        <eRectB4Align_y>565</eRectB4Align_y>
        <eRectB4Align_w>361</eRectB4Align_w>
        <eRectB4Align_h>78</eRectB4Align_h>
        <BmpRect_x>0</BmpRect_x>
        <BmpRect_y>0</BmpRect_y>
        <BmpRect_w>480</BmpRect_w>
        <BmpRect_h>800</BmpRect_h>
    </element>
    <element>
        <name>EXIT_APP</name>
        <eRectB4Align_x>117</eRectB4Align_x>
        <eRectB4Align_y>643</eRectB4Align_y>
        <eRectB4Align_w>361</eRectB4Align_w>
        <eRectB4Align_h>78</eRectB4Align_h>
        <BmpRect_x>0</BmpRect_x>
        <BmpRect_y>0</BmpRect_y>
        <BmpRect_w>480</BmpRect_w>
        <BmpRect_h>800</BmpRect_h>
    </element>
    <element>
        <name>TOP</name>
        <eRectB4Align_x>0</eRectB4Align_x>
        <eRectB4Align_y>0</eRectB4Align_y>
        <eRectB4Align_w>480</eRectB4Align_w>
        <eRectB4Align_h>74</eRectB4Align_h>
        <BmpRect_x>0</BmpRect_x>
        <BmpRect_y>0</BmpRect_y>
        <BmpRect_w>480</BmpRect_w>
        <BmpRect_h>800</BmpRect_h>
    </element>
    <element>
        <name>BOTTOM</name>
        <eRectB4Align_x>0</eRectB4Align_x>
        <eRectB4Align_y>725</eRectB4Align_y>
        <eRectB4Align_w>480</eRectB4Align_w>
        <eRectB4Align_h>75</eRectB4Align_h>
        <BmpRect_x>0</BmpRect_x>
        <BmpRect_y>0</BmpRect_y>
        <BmpRect_w>480</BmpRect_w>
        <BmpRect_h>800</BmpRect_h>
    </element>
    <element>
        <name>LOAD_STOP</name>
        <eRectB4Align_x>412</eRectB4Align_x>
        <eRectB4Align_y>4</eRectB4Align_y>
        <eRectB4Align_w>65</eRectB4Align_w>
        <eRectB4Align_h>67</eRectB4Align_h>
        <BmpRect_x>0</BmpRect_x>
        <BmpRect_y>0</BmpRect_y>
        <BmpRect_w>480</BmpRect_w>
        <BmpRect_h>800</BmpRect_h>
    </element>
    <element>
        <name>BACK</name>
        <eRectB4Align_x>6</eRectB4Align_x>
        <eRectB4Align_y>727</eRectB4Align_y>
        <eRectB4Align_w>61</eRectB4Align_w>
        <eRectB4Align_h>70</eRectB4Align_h>
        <BmpRect_x>0</BmpRect_x>
        <BmpRect_y>0</BmpRect_y>
        <BmpRect_w>480</BmpRect_w>
        <BmpRect_h>800</BmpRect_h>
    </element>
    <element>
        <name>CHANGE_STATE_open_bookmark</name>
        <eRectB4Align_x>87</eRectB4Align_x>
        <eRectB4Align_y>727</eRectB4Align_y>
        <eRectB4Align_w>60</eRectB4Align_w>
        <eRectB4Align_h>70</eRectB4Align_h>
        <BmpRect_x>0</BmpRect_x>
        <BmpRect_y>0</BmpRect_y>
        <BmpRect_w>480</BmpRect_w>
        <BmpRect_h>800</BmpRect_h>
    </element>
    <element>
        <name>GOTOURL_home</name>
        <eRectB4Align_x>248</eRectB4Align_x>
        <eRectB4Align_y>727</eRectB4Align_y>
        <eRectB4Align_w>61</eRectB4Align_w>
        <eRectB4Align_h>70</eRectB4Align_h>
        <BmpRect_x>0</BmpRect_x>
        <BmpRect_y>0</BmpRect_y>
        <BmpRect_w>480</BmpRect_w>
        <BmpRect_h>800</BmpRect_h>
    </element>
    <element>
        <name>CHANGE_STATE_zoom</name>
        <eRectB4Align_x>329</eRectB4Align_x>
        <eRectB4Align_y>727</eRectB4Align_y>
        <eRectB4Align_w>61</eRectB4Align_w>
        <eRectB4Align_h>70</eRectB4Align_h>
        <BmpRect_x>0</BmpRect_x>
        <BmpRect_y>0</BmpRect_y>
        <BmpRect_w>480</BmpRect_w>
        <BmpRect_h>800</BmpRect_h>
    </element>
    <element>
        <name>CHANGE_STATE_setting</name>
        <eRectB4Align_x>408</eRectB4Align_x>
        <eRectB4Align_y>727</eRectB4Align_y>
        <eRectB4Align_w>65</eRectB4Align_w>
        <eRectB4Align_h>70</eRectB4Align_h>
        <BmpRect_x>0</BmpRect_x>
        <BmpRect_y>0</BmpRect_y>
        <BmpRect_w>480</BmpRect_w>
        <BmpRect_h>800</BmpRect_h>
    </element>
    <element>
        <name>INPUT</name>
        <eRectB4Align_x>168</eRectB4Align_x>
        <eRectB4Align_y>727</eRectB4Align_y>
        <eRectB4Align_w>61</eRectB4Align_w>
        <eRectB4Align_h>70</eRectB4Align_h>
        <BmpRect_x>0</BmpRect_x>
        <BmpRect_y>0</BmpRect_y>
        <BmpRect_w>480</BmpRect_w>
        <BmpRect_h>800</BmpRect_h>
    </element>
    <element>
        <name>URLINPUT</name>
        <eRectB4Align_x>12</eRectB4Align_x>
        <eRectB4Align_y>8</eRectB4Align_y>
        <eRectB4Align_w>390</eRectB4Align_w>
        <eRectB4Align_h>59</eRectB4Align_h>
        <BmpRect_x>0</BmpRect_x>
        <BmpRect_y>0</BmpRect_y>
        <BmpRect_w>480</BmpRect_w>
        <BmpRect_h>800</BmpRect_h>
    </element>
    <element>
        <name>ZOOM_BAR_BACKGROUND</name>
        <eRectB4Align_x>16</eRectB4Align_x>
        <eRectB4Align_y>639</eRectB4Align_y>
        <eRectB4Align_w>451</eRectB4Align_w>
        <eRectB4Align_h>68</eRectB4Align_h>
        <BmpRect_x>0</BmpRect_x>
        <BmpRect_y>0</BmpRect_y>
        <BmpRect_w>480</BmpRect_w>
        <BmpRect_h>800</BmpRect_h>
    </element>
    <element>
        <name>ZOOM_OUT5</name>
        <eRectB4Align_x>55</eRectB4Align_x>
        <eRectB4Align_y>629</eRectB4Align_y>
        <eRectB4Align_w>34</eRectB4Align_w>
        <eRectB4Align_h>86</eRectB4Align_h>
        <BmpRect_x>0</BmpRect_x>
        <BmpRect_y>0</BmpRect_y>
        <BmpRect_w>480</BmpRect_w>
        <BmpRect_h>800</BmpRect_h>
    </element>
    <element>
        <name>ZOOM_OUT4</name>
        <eRectB4Align_x>89</eRectB4Align_x>
        <eRectB4Align_y>629</eRectB4Align_y>
        <eRectB4Align_w>34</eRectB4Align_w>
        <eRectB4Align_h>86</eRectB4Align_h>
        <BmpRect_x>0</BmpRect_x>
        <BmpRect_y>0</BmpRect_y>
        <BmpRect_w>480</BmpRect_w>
        <BmpRect_h>800</BmpRect_h>
    </element>
    <element>
        <name>ZOOM_OUT3</name>
        <eRectB4Align_x>123</eRectB4Align_x>
        <eRectB4Align_y>629</eRectB4Align_y>
        <eRectB4Align_w>33</eRectB4Align_w>
        <eRectB4Align_h>86</eRectB4Align_h>
        <BmpRect_x>0</BmpRect_x>
        <BmpRect_y>0</BmpRect_y>
        <BmpRect_w>480</BmpRect_w>
        <BmpRect_h>800</BmpRect_h>
    </element>
    <element>
        <name>ZOOM_OUT2</name>
        <eRectB4Align_x>156</eRectB4Align_x>
        <eRectB4Align_y>629</eRectB4Align_y>
        <eRectB4Align_w>34</eRectB4Align_w>
        <eRectB4Align_h>86</eRectB4Align_h>
        <BmpRect_x>0</BmpRect_x>
        <BmpRect_y>0</BmpRect_y>
        <BmpRect_w>480</BmpRect_w>
        <BmpRect_h>800</BmpRect_h>
    </element>
    <element>
        <name>ZOOM_OUT1</name>
        <eRectB4Align_x>190</eRectB4Align_x>
        <eRectB4Align_y>629</eRectB4Align_y>
        <eRectB4Align_w>34</eRectB4Align_w>
        <eRectB4Align_h>86</eRectB4Align_h>
        <BmpRect_x>0</BmpRect_x>
        <BmpRect_y>0</BmpRect_y>
        <BmpRect_w>480</BmpRect_w>
        <BmpRect_h>800</BmpRect_h>
    </element>
    <element>
        <name>ZOOM_NORMAL</name>
        <eRectB4Align_x>224</eRectB4Align_x>
        <eRectB4Align_y>629</eRectB4Align_y>
        <eRectB4Align_w>33</eRectB4Align_w>
        <eRectB4Align_h>86</eRectB4Align_h>
        <BmpRect_x>0</BmpRect_x>
        <BmpRect_y>0</BmpRect_y>
        <BmpRect_w>480</BmpRect_w>
        <BmpRect_h>800</BmpRect_h>
    </element>
    <element>
        <name>ZOOM_IN1</name>
        <eRectB4Align_x>257</eRectB4Align_x>
        <eRectB4Align_y>629</eRectB4Align_y>
        <eRectB4Align_w>34</eRectB4Align_w>
        <eRectB4Align_h>86</eRectB4Align_h>
        <BmpRect_x>0</BmpRect_x>
        <BmpRect_y>0</BmpRect_y>
        <BmpRect_w>480</BmpRect_w>
        <BmpRect_h>800</BmpRect_h>
    </element>
    <element>
        <name>ZOOM_IN2</name>
        <eRectB4Align_x>291</eRectB4Align_x>
        <eRectB4Align_y>629</eRectB4Align_y>
        <eRectB4Align_w>34</eRectB4Align_w>
        <eRectB4Align_h>86</eRectB4Align_h>
        <BmpRect_x>0</BmpRect_x>
        <BmpRect_y>0</BmpRect_y>
        <BmpRect_w>480</BmpRect_w>
        <BmpRect_h>800</BmpRect_h>
    </element>
    <element>
        <name>ZOOM_IN3</name>
        <eRectB4Align_x>325</eRectB4Align_x>
        <eRectB4Align_y>629</eRectB4Align_y>
        <eRectB4Align_w>34</eRectB4Align_w>
        <eRectB4Align_h>86</eRectB4Align_h>
        <BmpRect_x>0</BmpRect_x>
        <BmpRect_y>0</BmpRect_y>
        <BmpRect_w>480</BmpRect_w>
        <BmpRect_h>800</BmpRect_h>
    </element>
    <element>
        <name>ZOOM_IN4</name>
        <eRectB4Align_x>359</eRectB4Align_x>
        <eRectB4Align_y>629</eRectB4Align_y>
        <eRectB4Align_w>33</eRectB4Align_w>
        <eRectB4Align_h>86</eRectB4Align_h>
        <BmpRect_x>0</BmpRect_x>
        <BmpRect_y>0</BmpRect_y>
        <BmpRect_w>480</BmpRect_w>
        <BmpRect_h>800</BmpRect_h>
    </element>
    <element>
        <name>ZOOM_IN5</name>
        <eRectB4Align_x>392</eRectB4Align_x>
        <eRectB4Align_y>629</eRectB4Align_y>
        <eRectB4Align_w>35</eRectB4Align_w>
        <eRectB4Align_h>86</eRectB4Align_h>
        <BmpRect_x>0</BmpRect_x>
        <BmpRect_y>0</BmpRect_y>
        <BmpRect_w>480</BmpRect_w>
        <BmpRect_h>800</BmpRect_h>
    </element>
    <element>
        <name>STATE3_BG_Rect</name>
        <eRectB4Align_x>0</eRectB4Align_x>
        <eRectB4Align_y>0</eRectB4Align_y>
        <eRectB4Align_w>480</eRectB4Align_w>
        <eRectB4Align_h>800</eRectB4Align_h>
        <BmpRect_x>0</BmpRect_x>
        <BmpRect_y>0</BmpRect_y>
        <BmpRect_w>480</BmpRect_w>
        <BmpRect_h>800</BmpRect_h>
    </element>
    <element>
        <name>bookmark_label</name>
        <eRectB4Align_x>24</eRectB4Align_x>
        <eRectB4Align_y>11</eRectB4Align_y>
        <eRectB4Align_w>251</eRectB4Align_w>
        <eRectB4Align_h>32</eRectB4Align_h>
        <BmpRect_x>0</BmpRect_x>
        <BmpRect_y>0</BmpRect_y>
        <BmpRect_w>480</BmpRect_w>
        <BmpRect_h>800</BmpRect_h>
    </element>
    <element>
        <name>CHANGE_STATE_back</name>
        <eRectB4Align_x>419</eRectB4Align_x>
        <eRectB4Align_y>8</eRectB4Align_y>
        <eRectB4Align_w>53</eRectB4Align_w>
        <eRectB4Align_h>32</eRectB4Align_h>
        <BmpRect_x>0</BmpRect_x>
        <BmpRect_y>0</BmpRect_y>
        <BmpRect_w>480</BmpRect_w>
        <BmpRect_h>800</BmpRect_h>
    </element>
    <element>
        <name>PREV_BOOKMARK_PAGE</name>
        <eRectB4Align_x>4</eRectB4Align_x>
        <eRectB4Align_y>744</eRectB4Align_y>
        <eRectB4Align_w>56</eRectB4Align_w>
        <eRectB4Align_h>56</eRectB4Align_h>
        <BmpRect_x>0</BmpRect_x>
        <BmpRect_y>0</BmpRect_y>
        <BmpRect_w>480</BmpRect_w>
        <BmpRect_h>800</BmpRect_h>
    </element>
    <element>
        <name>NEXT_BOOKMARK_PAGE</name>
        <eRectB4Align_x>423</eRectB4Align_x>
        <eRectB4Align_y>744</eRectB4Align_y>
        <eRectB4Align_w>56</eRectB4Align_w>
        <eRectB4Align_h>56</eRectB4Align_h>
        <BmpRect_x>0</BmpRect_x>
        <BmpRect_y>0</BmpRect_y>
        <BmpRect_w>480</BmpRect_w>
        <BmpRect_h>800</BmpRect_h>
    </element>
    <element>
        <name>OPEN_BOOKMARK_LIST</name>
        <eRectB4Align_x>24</eRectB4Align_x>
        <eRectB4Align_y>63</eRectB4Align_y>
        <eRectB4Align_w>193</eRectB4Align_w>
        <eRectB4Align_h>193</eRectB4Align_h>
        <BmpRect_x>0</BmpRect_x>
        <BmpRect_y>0</BmpRect_y>
        <BmpRect_w>480</BmpRect_w>
        <BmpRect_h>800</BmpRect_h>
    </element>
    <element>
        <name>STATE4_BG_Rect</name>
        <eRectB4Align_x>0</eRectB4Align_x>
        <eRectB4Align_y>0</eRectB4Align_y>
        <eRectB4Align_w>480</eRectB4Align_w>
        <eRectB4Align_h>800</eRectB4Align_h>
        <BmpRect_x>0</BmpRect_x>
        <BmpRect_y>0</BmpRect_y>
        <BmpRect_w>480</BmpRect_w>
        <BmpRect_h>800</BmpRect_h>
    </element>
    <element>
        <name>del_bookmark_label</name>
        <eRectB4Align_x>24</eRectB4Align_x>
        <eRectB4Align_y>11</eRectB4Align_y>
        <eRectB4Align_w>251</eRectB4Align_w>
        <eRectB4Align_h>32</eRectB4Align_h>
        <BmpRect_x>0</BmpRect_x>
        <BmpRect_y>0</BmpRect_y>
        <BmpRect_w>480</BmpRect_w>
        <BmpRect_h>800</BmpRect_h>
    </element>
    <element>
        <name>CHANGE_STATE_back2</name>
        <eRectB4Align_x>419</eRectB4Align_x>
        <eRectB4Align_y>8</eRectB4Align_y>
        <eRectB4Align_w>53</eRectB4Align_w>
        <eRectB4Align_h>32</eRectB4Align_h>
        <BmpRect_x>0</BmpRect_x>
        <BmpRect_y>0</BmpRect_y>
        <BmpRect_w>480</BmpRect_w>
        <BmpRect_h>800</BmpRect_h>
    </element>
    <element>
        <name>PREV_DEL_BOOKMARK_PAGE</name>
        <eRectB4Align_x>4</eRectB4Align_x>
        <eRectB4Align_y>744</eRectB4Align_y>
        <eRectB4Align_w>56</eRectB4Align_w>
        <eRectB4Align_h>56</eRectB4Align_h>
        <BmpRect_x>0</BmpRect_x>
        <BmpRect_y>0</BmpRect_y>
        <BmpRect_w>480</BmpRect_w>
        <BmpRect_h>800</BmpRect_h>
    </element>
    <element>
        <name>NEXT_DEL_BOOKMARK_PAGE</name>
        <eRectB4Align_x>423</eRectB4Align_x>
        <eRectB4Align_y>744</eRectB4Align_y>
        <eRectB4Align_w>56</eRectB4Align_w>
        <eRectB4Align_h>56</eRectB4Align_h>
        <BmpRect_x>0</BmpRect_x>
        <BmpRect_y>0</BmpRect_y>
        <BmpRect_w>480</BmpRect_w>
        <BmpRect_h>800</BmpRect_h>
    </element>
    <element>
        <name>DEL_BOOKMARK_LIST</name>
        <eRectB4Align_x>24</eRectB4Align_x>
        <eRectB4Align_y>63</eRectB4Align_y>
        <eRectB4Align_w>193</eRectB4Align_w>
        <eRectB4Align_h>193</eRectB4Align_h>
        <BmpRect_x>0</BmpRect_x>
        <BmpRect_y>0</BmpRect_y>
        <BmpRect_w>480</BmpRect_w>
        <BmpRect_h>800</BmpRect_h>
    </element>
    <element>
        <name>DLG2_BG</name>
        <eRectB4Align_x>14</eRectB4Align_x>
        <eRectB4Align_y>15</eRectB4Align_y>
        <eRectB4Align_w>460</eRectB4Align_w>
        <eRectB4Align_h>252</eRectB4Align_h>
        <BmpRect_x>0</BmpRect_x>
        <BmpRect_y>0</BmpRect_y>
        <BmpRect_w>480</BmpRect_w>
        <BmpRect_h>800</BmpRect_h>
    </element>
    <element>
        <name>DLG2_MESSAGE</name>
        <eRectB4Align_x>40</eRectB4Align_x>
        <eRectB4Align_y>53</eRectB4Align_y>
        <eRectB4Align_w>408</eRectB4Align_w>
        <eRectB4Align_h>28</eRectB4Align_h>
        <BmpRect_x>0</BmpRect_x>
        <BmpRect_y>0</BmpRect_y>
        <BmpRect_w>480</BmpRect_w>
        <BmpRect_h>800</BmpRect_h>
    </element>
    <element>
        <name>DLG2_INPUT1_LABEL</name>
        <eRectB4Align_x>40</eRectB4Align_x>
        <eRectB4Align_y>112</eRectB4Align_y>
        <eRectB4Align_w>118</eRectB4Align_w>
        <eRectB4Align_h>22</eRectB4Align_h>
        <BmpRect_x>0</BmpRect_x>
        <BmpRect_y>0</BmpRect_y>
        <BmpRect_w>480</BmpRect_w>
        <BmpRect_h>800</BmpRect_h>
    </element>
    <element>
        <name>DLG2_INPUT2_LABEL</name>
        <eRectB4Align_x>40</eRectB4Align_x>
        <eRectB4Align_y>157</eRectB4Align_y>
        <eRectB4Align_w>118</eRectB4Align_w>
        <eRectB4Align_h>22</eRectB4Align_h>
        <BmpRect_x>0</BmpRect_x>
        <BmpRect_y>0</BmpRect_y>
        <BmpRect_w>480</BmpRect_w>
        <BmpRect_h>800</BmpRect_h>
    </element>
    <element>
        <name>DLG2_OK</name>
        <eRectB4Align_x>77</eRectB4Align_x>
        <eRectB4Align_y>207</eRectB4Align_y>
        <eRectB4Align_w>122</eRectB4Align_w>
        <eRectB4Align_h>42</eRectB4Align_h>
        <BmpRect_x>0</BmpRect_x>
        <BmpRect_y>0</BmpRect_y>
        <BmpRect_w>480</BmpRect_w>
        <BmpRect_h>800</BmpRect_h>
    </element>
    <element>
        <name>DLG2_CANCEL</name>
        <eRectB4Align_x>287</eRectB4Align_x>
        <eRectB4Align_y>207</eRectB4Align_y>
        <eRectB4Align_w>122</eRectB4Align_w>
        <eRectB4Align_h>42</eRectB4Align_h>
        <BmpRect_x>0</BmpRect_x>
        <BmpRect_y>0</BmpRect_y>
        <BmpRect_w>480</BmpRect_w>
        <BmpRect_h>800</BmpRect_h>
    </element>
    <element>
        <name>DLG2_INPUT1_BOX</name>
        <eRectB4Align_x>171</eRectB4Align_x>
        <eRectB4Align_y>110</eRectB4Align_y>
        <eRectB4Align_w>274</eRectB4Align_w>
        <eRectB4Align_h>26</eRectB4Align_h>
        <BmpRect_x>0</BmpRect_x>
        <BmpRect_y>0</BmpRect_y>
        <BmpRect_w>480</BmpRect_w>
        <BmpRect_h>800</BmpRect_h>
    </element>
    <element>
        <name>DLG2_INPUT2_BOX</name>
        <eRectB4Align_x>171</eRectB4Align_x>
        <eRectB4Align_y>154</eRectB4Align_y>
        <eRectB4Align_w>274</eRectB4Align_w>
        <eRectB4Align_h>27</eRectB4Align_h>
        <BmpRect_x>0</BmpRect_x>
        <BmpRect_y>0</BmpRect_y>
        <BmpRect_w>480</BmpRect_w>
        <BmpRect_h>800</BmpRect_h>
    </element>
    <element>
        <name>DIALOGBOX_BG</name>
        <eRectB4Align_x>11</eRectB4Align_x>
        <eRectB4Align_y>11</eRectB4Align_y>
        <eRectB4Align_w>458</eRectB4Align_w>
        <eRectB4Align_h>251</eRectB4Align_h>
        <BmpRect_x>0</BmpRect_x>
        <BmpRect_y>0</BmpRect_y>
        <BmpRect_w>480</BmpRect_w>
        <BmpRect_h>800</BmpRect_h>
    </element>
    <element>
        <name>DIALOGBOX_MESSAGE</name>
        <eRectB4Align_x>37</eRectB4Align_x>
        <eRectB4Align_y>62</eRectB4Align_y>
        <eRectB4Align_w>406</eRectB4Align_w>
        <eRectB4Align_h>44</eRectB4Align_h>
        <BmpRect_x>0</BmpRect_x>
        <BmpRect_y>0</BmpRect_y>
        <BmpRect_w>480</BmpRect_w>
        <BmpRect_h>800</BmpRect_h>
    </element>
    <element>
        <name>DIALOGBOX_OK</name>
        <eRectB4Align_x>182</eRectB4Align_x>
        <eRectB4Align_y>207</eRectB4Align_y>
        <eRectB4Align_w>117</eRectB4Align_w>
        <eRectB4Align_h>32</eRectB4Align_h>
        <BmpRect_x>0</BmpRect_x>
        <BmpRect_y>0</BmpRect_y>
        <BmpRect_w>480</BmpRect_w>
        <BmpRect_h>800</BmpRect_h>
    </element>
    <offset>
        <bmp_name>480_SHOW0_32</bmp_name>
        <bmp_offset>0</bmp_offset>
    </offset>
    <offset>
        <bmp_name>480_SHOW4_32</bmp_name>
        <bmp_offset>3709</bmp_offset>
    </offset>
    <offset>
        <bmp_name>480_SHOW2_32</bmp_name>
        <bmp_offset>10715</bmp_offset>
    </offset>
    <offset>
        <bmp_name>480_CHANGE_STATE_openbm0_32</bmp_name>
        <bmp_offset>15622</bmp_offset>
    </offset>
    <offset>
        <bmp_name>480_CHANGE_STATE_openbm4_32</bmp_name>
        <bmp_offset>24896</bmp_offset>
    </offset>
    <offset>
        <bmp_name>480_CHANGE_STATE_openbm2_32</bmp_name>
        <bmp_offset>35093</bmp_offset>
    </offset>
    <offset>
        <bmp_name>480_ADD_BOOKMARK0_32</bmp_name>
        <bmp_offset>45290</bmp_offset>
    </offset>
    <offset>
        <bmp_name>480_ADD_BOOKMARK4_32</bmp_name>
        <bmp_offset>54203</bmp_offset>
    </offset>
    <offset>
        <bmp_name>480_ADD_BOOKMARK2_32</bmp_name>
        <bmp_offset>64016</bmp_offset>
    </offset>
    <offset>
        <bmp_name>480_CHANGE_STATE_delbm0_32</bmp_name>
        <bmp_offset>73829</bmp_offset>
    </offset>
    <offset>
        <bmp_name>480_CHANGE_STATE_delbm4_32</bmp_name>
        <bmp_offset>82560</bmp_offset>
    </offset>
    <offset>
        <bmp_name>480_CHANGE_STATE_delbm2_32</bmp_name>
        <bmp_offset>92229</bmp_offset>
    </offset>
    <offset>
        <bmp_name>480_IPHONE_MODE0_32</bmp_name>
        <bmp_offset>101898</bmp_offset>
    </offset>
    <offset>
        <bmp_name>480_IPHONE_MODE4_32</bmp_name>
        <bmp_offset>110212</bmp_offset>
    </offset>
    <offset>
        <bmp_name>480_IPHONE_MODE2_32</bmp_name>
        <bmp_offset>119411</bmp_offset>
    </offset>
    <offset>
        <bmp_name>480_IPHONE_MODE5_32</bmp_name>
        <bmp_offset>128610</bmp_offset>
    </offset>
    <offset>
        <bmp_name>480_IPHONE_MODE7_32</bmp_name>
        <bmp_offset>137452</bmp_offset>
    </offset>
    <offset>
        <bmp_name>480_IPHONE_MODE6_32</bmp_name>
        <bmp_offset>147050</bmp_offset>
    </offset>
    <offset>
        <bmp_name>480_CLEAR_COOKIES0_32</bmp_name>
        <bmp_offset>156652</bmp_offset>
    </offset>
    <offset>
        <bmp_name>480_CLEAR_COOKIES4_32</bmp_name>
        <bmp_offset>164980</bmp_offset>
    </offset>
    <offset>
        <bmp_name>480_CLEAR_COOKIES2_32</bmp_name>
        <bmp_offset>174397</bmp_offset>
    </offset>
    <offset>
        <bmp_name>480_CLEAR_ALL_HISTORY0_32</bmp_name>
        <bmp_offset>183814</bmp_offset>
    </offset>
    <offset>
        <bmp_name>480_CLEAR_ALL_HISTORY4_32</bmp_name>
        <bmp_offset>192165</bmp_offset>
    </offset>
    <offset>
        <bmp_name>480_CLEAR_ALL_HISTORY2_32</bmp_name>
        <bmp_offset>201583</bmp_offset>
    </offset>
    <offset>
        <bmp_name>480_EXIT_APP0_32</bmp_name>
        <bmp_offset>211001</bmp_offset>
    </offset>
    <offset>
        <bmp_name>480_EXIT_APP4_32</bmp_name>
        <bmp_offset>217666</bmp_offset>
    </offset>
    <offset>
        <bmp_name>480_EXIT_APP2_32</bmp_name>
        <bmp_offset>225161</bmp_offset>
    </offset>
    <offset>
        <bmp_name>480_TOP9_32</bmp_name>
        <bmp_offset>232656</bmp_offset>
    </offset>
    <offset>
        <bmp_name>480_BOTTOM9_32</bmp_name>
        <bmp_offset>240987</bmp_offset>
    </offset>
    <offset>
        <bmp_name>480_LOAD_STOP0_32</bmp_name>
        <bmp_offset>250791</bmp_offset>
    </offset>
    <offset>
        <bmp_name>480_LOAD_STOP4_32</bmp_name>
        <bmp_offset>257051</bmp_offset>
    </offset>
    <offset>
        <bmp_name>480_LOAD_STOP2_32</bmp_name>
        <bmp_offset>261467</bmp_offset>
    </offset>
    <offset>
        <bmp_name>480_LOAD_STOP5_32</bmp_name>
        <bmp_offset>266184</bmp_offset>
    </offset>
    <offset>
        <bmp_name>480_LOAD_STOP7_32</bmp_name>
        <bmp_offset>271023</bmp_offset>
    </offset>
    <offset>
        <bmp_name>480_LOAD_STOP6_32</bmp_name>
        <bmp_offset>273992</bmp_offset>
    </offset>
    <offset>
        <bmp_name>480_BACK0_32</bmp_name>
        <bmp_offset>278490</bmp_offset>
    </offset>
    <offset>
        <bmp_name>480_BACK4_32</bmp_name>
        <bmp_offset>284085</bmp_offset>
    </offset>
    <offset>
        <bmp_name>480_BACK2_32</bmp_name>
        <bmp_offset>287704</bmp_offset>
    </offset>
    <offset>
        <bmp_name>480_BACK1_32</bmp_name>
        <bmp_offset>292955</bmp_offset>
    </offset>
    <offset>
        <bmp_name>480_CHANGE_STATE_open_bookmark0_32</bmp_name>
        <bmp_offset>296991</bmp_offset>
    </offset>
    <offset>
        <bmp_name>480_CHANGE_STATE_open_bookmark4_32</bmp_name>
        <bmp_offset>304645</bmp_offset>
    </offset>
    <offset>
        <bmp_name>480_CHANGE_STATE_open_bookmark2_32</bmp_name>
        <bmp_offset>309252</bmp_offset>
    </offset>
    <offset>
        <bmp_name>480_GOTOURL_home0_32</bmp_name>
        <bmp_offset>316552</bmp_offset>
    </offset>
    <offset>
        <bmp_name>480_GOTOURL_home4_32</bmp_name>
        <bmp_offset>323539</bmp_offset>
    </offset>
    <offset>
        <bmp_name>480_GOTOURL_home2_32</bmp_name>
        <bmp_offset>328055</bmp_offset>
    </offset>
    <offset>
        <bmp_name>480_CHANGE_STATE_zoom0_32</bmp_name>
        <bmp_offset>334697</bmp_offset>
    </offset>
    <offset>
        <bmp_name>480_CHANGE_STATE_zoom4_32</bmp_name>
        <bmp_offset>340377</bmp_offset>
    </offset>
    <offset>
        <bmp_name>480_CHANGE_STATE_zoom2_32</bmp_name>
        <bmp_offset>343970</bmp_offset>
    </offset>
    <offset>
        <bmp_name>480_CHANGE_STATE_setting0_32</bmp_name>
        <bmp_offset>347904</bmp_offset>
    </offset>
    <offset>
        <bmp_name>480_CHANGE_STATE_setting4_32</bmp_name>
        <bmp_offset>353587</bmp_offset>
    </offset>
    <offset>
        <bmp_name>480_CHANGE_STATE_setting2_32</bmp_name>
        <bmp_offset>357402</bmp_offset>
    </offset>
    <offset>
        <bmp_name>480_INPUT0_32</bmp_name>
        <bmp_offset>361963</bmp_offset>
    </offset>
    <offset>
        <bmp_name>480_INPUT4_32</bmp_name>
        <bmp_offset>368931</bmp_offset>
    </offset>
    <offset>
        <bmp_name>480_INPUT2_32</bmp_name>
        <bmp_offset>373622</bmp_offset>
    </offset>
    <offset>
        <bmp_name>480_URLINPUT0_32</bmp_name>
        <bmp_offset>379938</bmp_offset>
    </offset>
    <offset>
        <bmp_name>480_URLINPUT2_32</bmp_name>
        <bmp_offset>382387</bmp_offset>
    </offset>
    <offset>
        <bmp_name>480_ZOOM_BAR_BACKGROUND9_32</bmp_name>
        <bmp_offset>384499</bmp_offset>
    </offset>
    <offset>
        <bmp_name>480_ZOOM_OUT50_32</bmp_name>
        <bmp_offset>386156</bmp_offset>
    </offset>
    <offset>
        <bmp_name>480_ZOOM_OUT54_32</bmp_name>
        <bmp_offset>386437</bmp_offset>
    </offset>
    <offset>
        <bmp_name>480_ZOOM_OUT40_32</bmp_name>
        <bmp_offset>387990</bmp_offset>
    </offset>
    <offset>
        <bmp_name>480_ZOOM_OUT44_32</bmp_name>
        <bmp_offset>388104</bmp_offset>
    </offset>
    <offset>
        <bmp_name>480_ZOOM_OUT30_32</bmp_name>
        <bmp_offset>389616</bmp_offset>
    </offset>
    <offset>
        <bmp_name>480_ZOOM_OUT34_32</bmp_name>
        <bmp_offset>389729</bmp_offset>
    </offset>
    <offset>
        <bmp_name>480_ZOOM_OUT20_32</bmp_name>
        <bmp_offset>391166</bmp_offset>
    </offset>
    <offset>
        <bmp_name>480_ZOOM_OUT24_32</bmp_name>
        <bmp_offset>391280</bmp_offset>
    </offset>
    <offset>
        <bmp_name>480_ZOOM_OUT10_32</bmp_name>
        <bmp_offset>392864</bmp_offset>
    </offset>
    <offset>
        <bmp_name>480_ZOOM_OUT14_32</bmp_name>
        <bmp_offset>392978</bmp_offset>
    </offset>
    <offset>
        <bmp_name>480_ZOOM_NORMAL0_32</bmp_name>
        <bmp_offset>394437</bmp_offset>
    </offset>
    <offset>
        <bmp_name>480_ZOOM_NORMAL4_32</bmp_name>
        <bmp_offset>394550</bmp_offset>
    </offset>
    <offset>
        <bmp_name>480_ZOOM_IN10_32</bmp_name>
        <bmp_offset>395982</bmp_offset>
    </offset>
    <offset>
        <bmp_name>480_ZOOM_IN14_32</bmp_name>
        <bmp_offset>396096</bmp_offset>
    </offset>
    <offset>
        <bmp_name>480_ZOOM_IN20_32</bmp_name>
        <bmp_offset>397637</bmp_offset>
    </offset>
    <offset>
        <bmp_name>480_ZOOM_IN24_32</bmp_name>
        <bmp_offset>397751</bmp_offset>
    </offset>
    <offset>
        <bmp_name>480_ZOOM_IN30_32</bmp_name>
        <bmp_offset>399229</bmp_offset>
    </offset>
    <offset>
        <bmp_name>480_ZOOM_IN34_32</bmp_name>
        <bmp_offset>399343</bmp_offset>
    </offset>
    <offset>
        <bmp_name>480_ZOOM_IN40_32</bmp_name>
        <bmp_offset>400842</bmp_offset>
    </offset>
    <offset>
        <bmp_name>480_ZOOM_IN44_32</bmp_name>
        <bmp_offset>400955</bmp_offset>
    </offset>
    <offset>
        <bmp_name>480_ZOOM_IN50_32</bmp_name>
        <bmp_offset>402477</bmp_offset>
    </offset>
    <offset>
        <bmp_name>480_ZOOM_IN54_32</bmp_name>
        <bmp_offset>402760</bmp_offset>
    </offset>
    <offset>
        <bmp_name>480_bookmark_label0_32</bmp_name>
        <bmp_offset>404201</bmp_offset>
    </offset>
    <offset>
        <bmp_name>480_bookmark_label4_32</bmp_name>
        <bmp_offset>404259</bmp_offset>
    </offset>
    <offset>
        <bmp_name>480_bookmark_label2_32</bmp_name>
        <bmp_offset>404317</bmp_offset>
    </offset>
    <offset>
        <bmp_name>480_CHANGE_STATE_back0_32</bmp_name>
        <bmp_offset>404375</bmp_offset>
    </offset>
    <offset>
        <bmp_name>480_CHANGE_STATE_back4_32</bmp_name>
        <bmp_offset>404644</bmp_offset>
    </offset>
    <offset>
        <bmp_name>480_CHANGE_STATE_back2_32</bmp_name>
        <bmp_offset>405069</bmp_offset>
    </offset>
    <offset>
        <bmp_name>480_PREV_BOOKMARK_PAGE0_32</bmp_name>
        <bmp_offset>405505</bmp_offset>
    </offset>
    <offset>
        <bmp_name>480_PREV_BOOKMARK_PAGE4_32</bmp_name>
        <bmp_offset>405856</bmp_offset>
    </offset>
    <offset>
        <bmp_name>480_PREV_BOOKMARK_PAGE2_32</bmp_name>
        <bmp_offset>408787</bmp_offset>
    </offset>
    <offset>
        <bmp_name>480_PREV_BOOKMARK_PAGE1_32</bmp_name>
        <bmp_offset>411415</bmp_offset>
    </offset>
    <offset>
        <bmp_name>480_NEXT_BOOKMARK_PAGE0_32</bmp_name>
        <bmp_offset>411746</bmp_offset>
    </offset>
    <offset>
        <bmp_name>480_NEXT_BOOKMARK_PAGE4_32</bmp_name>
        <bmp_offset>412077</bmp_offset>
    </offset>
    <offset>
        <bmp_name>480_NEXT_BOOKMARK_PAGE2_32</bmp_name>
        <bmp_offset>415042</bmp_offset>
    </offset>
    <offset>
        <bmp_name>480_NEXT_BOOKMARK_PAGE1_32</bmp_name>
        <bmp_offset>417724</bmp_offset>
    </offset>
    <offset>
        <bmp_name>480_OPEN_BOOKMARK_LIST0_32</bmp_name>
        <bmp_offset>418033</bmp_offset>
    </offset>
    <offset>
        <bmp_name>480_OPEN_BOOKMARK_LIST4_32</bmp_name>
        <bmp_offset>419070</bmp_offset>
    </offset>
    <offset>
        <bmp_name>480_OPEN_BOOKMARK_LIST2_32</bmp_name>
        <bmp_offset>420144</bmp_offset>
    </offset>
    <offset>
        <bmp_name>480_OPEN_BOOKMARK_LIST1_32</bmp_name>
        <bmp_offset>421213</bmp_offset>
    </offset>
    <offset>
        <bmp_name>480_del_bookmark_label0_32</bmp_name>
        <bmp_offset>422256</bmp_offset>
    </offset>
    <offset>
        <bmp_name>480_del_bookmark_label4_32</bmp_name>
        <bmp_offset>422314</bmp_offset>
    </offset>
    <offset>
        <bmp_name>480_del_bookmark_label2_32</bmp_name>
        <bmp_offset>422372</bmp_offset>
    </offset>
    <offset>
        <bmp_name>480_CHANGE_STATE_back20_32</bmp_name>
        <bmp_offset>422430</bmp_offset>
    </offset>
    <offset>
        <bmp_name>480_CHANGE_STATE_back24_32</bmp_name>
        <bmp_offset>422699</bmp_offset>
    </offset>
    <offset>
        <bmp_name>480_CHANGE_STATE_back22_32</bmp_name>
        <bmp_offset>423124</bmp_offset>
    </offset>
    <offset>
        <bmp_name>480_PREV_DEL_BOOKMARK_PAGE0_32</bmp_name>
        <bmp_offset>423560</bmp_offset>
    </offset>
    <offset>
        <bmp_name>480_PREV_DEL_BOOKMARK_PAGE4_32</bmp_name>
        <bmp_offset>423911</bmp_offset>
    </offset>
    <offset>
        <bmp_name>480_PREV_DEL_BOOKMARK_PAGE2_32</bmp_name>
        <bmp_offset>426842</bmp_offset>
    </offset>
    <offset>
        <bmp_name>480_PREV_DEL_BOOKMARK_PAGE1_32</bmp_name>
        <bmp_offset>429470</bmp_offset>
    </offset>
    <offset>
        <bmp_name>480_NEXT_DEL_BOOKMARK_PAGE0_32</bmp_name>
        <bmp_offset>429801</bmp_offset>
    </offset>
    <offset>
        <bmp_name>480_NEXT_DEL_BOOKMARK_PAGE4_32</bmp_name>
        <bmp_offset>430132</bmp_offset>
    </offset>
    <offset>
        <bmp_name>480_NEXT_DEL_BOOKMARK_PAGE2_32</bmp_name>
        <bmp_offset>433097</bmp_offset>
    </offset>
    <offset>
        <bmp_name>480_NEXT_DEL_BOOKMARK_PAGE1_32</bmp_name>
        <bmp_offset>435779</bmp_offset>
    </offset>
    <offset>
        <bmp_name>480_DEL_BOOKMARK_LIST0_32</bmp_name>
        <bmp_offset>436088</bmp_offset>
    </offset>
    <offset>
        <bmp_name>480_DEL_BOOKMARK_LIST4_32</bmp_name>
        <bmp_offset>437951</bmp_offset>
    </offset>
    <offset>
        <bmp_name>480_DEL_BOOKMARK_LIST2_32</bmp_name>
        <bmp_offset>439851</bmp_offset>
    </offset>
    <offset>
        <bmp_name>480_DEL_BOOKMARK_LIST1_32</bmp_name>
        <bmp_offset>441747</bmp_offset>
    </offset>
    <offset>
        <bmp_name>480_DLG2_MESSAGE0_32</bmp_name>
        <bmp_offset>442790</bmp_offset>
    </offset>
    <offset>
        <bmp_name>480_DLG2_MESSAGE4_32</bmp_name>
        <bmp_offset>442861</bmp_offset>
    </offset>
    <offset>
        <bmp_name>480_DLG2_MESSAGE2_32</bmp_name>
        <bmp_offset>442932</bmp_offset>
    </offset>
    <offset>
        <bmp_name>480_DLG2_INPUT1_LABEL0_32</bmp_name>
        <bmp_offset>443003</bmp_offset>
    </offset>
    <offset>
        <bmp_name>480_DLG2_INPUT1_LABEL4_32</bmp_name>
        <bmp_offset>443040</bmp_offset>
    </offset>
    <offset>
        <bmp_name>480_DLG2_INPUT1_LABEL2_32</bmp_name>
        <bmp_offset>443077</bmp_offset>
    </offset>
    <offset>
        <bmp_name>480_DLG2_OK0_32</bmp_name>
        <bmp_offset>443114</bmp_offset>
    </offset>
    <offset>
        <bmp_name>480_DLG2_OK4_32</bmp_name>
        <bmp_offset>443818</bmp_offset>
    </offset>
    <offset>
        <bmp_name>480_DLG2_OK2_32</bmp_name>
        <bmp_offset>444626</bmp_offset>
    </offset>
    <offset>
        <bmp_name>480_DLG2_INPUT1_BOX0_32</bmp_name>
        <bmp_offset>445467</bmp_offset>
    </offset>
    <offset>
        <bmp_name>480_DLG2_INPUT1_BOX2_32</bmp_name>
        <bmp_offset>445913</bmp_offset>
    </offset>
    <offset>
        <bmp_name>480_DLG2_INPUT2_BOX0_32</bmp_name>
        <bmp_offset>446456</bmp_offset>
    </offset>
    <offset>
        <bmp_name>480_DLG2_INPUT2_BOX2_32</bmp_name>
        <bmp_offset>446512</bmp_offset>
    </offset>
    <offset>
        <bmp_name>480_DIALOGBOX_MESSAGE0_32</bmp_name>
        <bmp_offset>446568</bmp_offset>
    </offset>
    <offset>
        <bmp_name>480_DIALOGBOX_MESSAGE4_32</bmp_name>
        <bmp_offset>446663</bmp_offset>
    </offset>
    <offset>
        <bmp_name>480_DIALOGBOX_MESSAGE2_32</bmp_name>
        <bmp_offset>446758</bmp_offset>
    </offset>
    <offset>
        <bmp_name>480_DIALOGBOX_OK0_32</bmp_name>
        <bmp_offset>446853</bmp_offset>
    </offset>
    <offset>
        <bmp_name>480_DIALOGBOX_OK4_32</bmp_name>
        <bmp_offset>447995</bmp_offset>
    </offset>
    <offset>
        <bmp_name>480_DIALOGBOX_OK2_32</bmp_name>
        <bmp_offset>449213</bmp_offset>
    </offset>
</ui_cache>
