<?xml version="1.0" encoding="ISO-8859-1"?>
<UI ID="CLASSIC">
	<cached_ui_file>ui_cache.xml</cached_ui_file>

	<!-- <state_file>state_share1.xml</state_file> -->
	<!-- <state_file>state_share2.xml</state_file> -->
	<!-- <state_file>state_share3.xml</state_file> -->

	<!-- UI states Files  -->
	<state_file>state0.xml</state_file>
	<!-- <state_file>state1.xml</state_file> -->
	<state_file>state2.xml</state_file>	
	<state_file>state3.xml</state_file>	
	<state_file>state_prompt2.xml</state_file>
	<state_file>state_dialogbox.xml</state_file>
	<state_file>state_proxy.xml</state_file>
	<!--  <state_file>state_std_kb.xml</state_file> -->
	<!-- <state_file>state_url_kb.xml</state_file> -->
	<state_file>state_url_input.xml</state_file>
	<state_file>state_ons_kb.xml</state_file> 
	<state_file>state_empty.xml</state_file>		
	<!--
	<state_file>state3.xml</state_file>
	<state_file>state4.xml</state_file>
	-->
	<menu_back_key>65397</menu_back_key>    <!-- F6 -->
    <reload_key>65408</reload_key>          <!-- F17 -->
	
	<!-- <stop_key></stop_key> -->          <!-- no need stop yet -->
	
	<!-- Below are for PC keycode -->
	<back_key>65399</back_key>
	<forward_key>65400</forward_key> 
	
	<!-- below are for linux keycode 
	<back_key>65406</back_key>             
	<forward_key>65407</forward_key>   
	-->     
	<loading_state>0</loading_state>
	
</UI>
